{"stats":{"minecraft:dropped":{"minecraft:moss_block":4,"minecraft:cooked_beef":16,"minecraft:dark_oak_sapling":1,"minecraft:cooked_porkchop":8,"minecraft:rail":64,"minecraft:dirt":27,"minecraft:iron_pickaxe":2,"minecraft:bone":1,"minecraft:stone_axe":2,"minecraft:cooked_chicken":1,"minecraft:pointed_dripstone":2,"minecraft:rotten_flesh":4,"minecraft:oak_planks":1,"minecraft:poppy":1,"minecraft:ladder":2,"minecraft:leather_leggings":1,"minecraft:arrow":3,"minecraft:netherrack":9,"minecraft:bread":2,"minecraft:enchanted_book":3,"minecraft:water_bucket":2,"minecraft:golden_boots":1,"minecraft:wheat_seeds":8,"minecraft:oak_slab":1,"minecraft:cherry_log":23,"minecraft:oak_fence":12,"minecraft:cobblestone":2,"minecraft:granite":38,"minecraft:grass_block":2,"minecraft:coal":1,"minecraft:stick":2,"minecraft:oxeye_daisy":2,"minecraft:diorite":1,"minecraft:brewing_stand":3,"minecraft:diamond_helmet":1,"minecraft:iron_axe":1,"minecraft:string":7,"minecraft:tripwire_hook":4,"minecraft:spruce_sapling":2,"minecraft:moss_carpet":5,"minecraft:raw_iron":40,"minecraft:stone_shovel":1,"minecraft:name_tag":1,"minecraft:shears":2,"minecraft:stone":1,"minecraft:shield":2,"minecraft:diamond_chestplate":1,"minecraft:diamond_pickaxe":2,"minecraft:andesite":4,"minecraft:spider_eye":3,"minecraft:spruce_log":6,"minecraft:bow":13,"minecraft:wooden_pickaxe":1},"minecraft:crafted":{"minecraft:oak_planks":60,"minecraft:cobblestone_slab":12,"minecraft:dark_oak_boat":6,"minecraft:cooked_chicken":2,"minecraft:stone":13,"minecraft:bookshelf":1,"minecraft:cooked_mutton":16,"minecraft:glass":22,"minecraft:hopper":4,"minecraft:diamond_helmet":2,"minecraft:repeater":2,"minecraft:bow":20,"minecraft:diamond_leggings":1,"minecraft:iron_boots":11,"minecraft:comparator":1,"minecraft:chest":8,"minecraft:oak_button":2,"minecraft:rail":64,"minecraft:emerald":702,"minecraft:arrow":64,"minecraft:cooked_porkchop":28,"minecraft:diamond_axe":2,"minecraft:crafting_table":12,"minecraft:spruce_planks":652,"minecraft:wooden_pickaxe":3,"minecraft:iron_helmet":1,"minecraft:fletching_table":3,"minecraft:hay_block":2,"minecraft:dispenser":1,"minecraft:spruce_trapdoor":16,"minecraft:book":10,"minecraft:iron_chestplate":2,"minecraft:paper":57,"minecraft:diamond_pickaxe":2,"minecraft:shield":5,"minecraft:stick":1100,"minecraft:iron_ingot":37,"minecraft:iron_pickaxe":5,"minecraft:iron_block":3,"minecraft:stone_sword":2,"minecraft:redstone_torch":8,"minecraft:spruce_fence_gate":1,"minecraft:shears":2,"minecraft:cobbled_deepslate_slab":6,"minecraft:mangrove_propagule":1,"minecraft:redstone":18,"minecraft:stone_shovel":1,"minecraft:tripwire_hook":2,"minecraft:furnace":6,"minecraft:yellow_bed":2,"minecraft:bone_meal":3,"minecraft:spruce_fence":3,"minecraft:white_carpet":12,"minecraft:glass_pane":16,"minecraft:iron_axe":2,"minecraft:ladder":3,"minecraft:spruce_slab":24,"minecraft:stone_pickaxe":5,"minecraft:diamond_boots":1,"minecraft:dark_oak_planks":92,"minecraft:minecart":1,"minecraft:wheat":351,"minecraft:cooked_beef":41,"minecraft:diamond_sword":2,"minecraft:enchanting_table":1,"minecraft:iron_sword":1,"minecraft:mangrove_planks":72,"minecraft:bucket":2,"minecraft:stone_axe":3,"minecraft:enchanted_book":13,"minecraft:bread":117,"minecraft:air":0,"minecraft:iron_shovel":3,"minecraft:iron_leggings":1,"minecraft:stonecutter":1,"minecraft:anvil":1,"minecraft:white_bed":1,"minecraft:diamond_chestplate":2},"minecraft:mined":{"minecraft:dark_oak_planks":3,"minecraft:spruce_planks":55,"minecraft:white_bed":3,"minecraft:cobblestone_stairs":2,"minecraft:cherry_log":23,"minecraft:obsidian":5,"minecraft:spruce_trapdoor":6,"minecraft:granite":147,"minecraft:grass_block":356,"minecraft:soul_soil":10,"minecraft:hopper":1,"minecraft:oxeye_daisy":2,"minecraft:spawner":2,"minecraft:tall_seagrass":2,"minecraft:magma_block":1,"minecraft:iron_ore":89,"minecraft:cobbled_deepslate":19,"minecraft:moss_carpet":1,"minecraft:fletching_table":8,"minecraft:deepslate_lapis_ore":3,"minecraft:anvil":7,"minecraft:pointed_dripstone":5,"minecraft:water_cauldron":4,"minecraft:dirt_path":83,"minecraft:oak_stairs":50,"minecraft:spruce_slab":1,"minecraft:tripwire":12,"minecraft:orange_bed":1,"minecraft:smoker":1,"minecraft:soul_fire":1,"minecraft:clay":3,"minecraft:blast_furnace":2,"minecraft:chest":4,"minecraft:mushroom_stem":1,"minecraft:nether_quartz_ore":10,"minecraft:glass":10,"minecraft:cobblestone":124,"minecraft:sugar_cane":41,"minecraft:oak_planks":71,"minecraft:wall_torch":1,"minecraft:pink_petals":2,"minecraft:repeater":14,"minecraft:yellow_wool":9,"minecraft:wheat":28,"minecraft:oak_log":18,"minecraft:sand":23,"minecraft:dirt":610,"minecraft:mangrove_log":18,"minecraft:raw_copper_block":2,"minecraft:dispenser":1,"minecraft:netherrack":54,"minecraft:oak_leaves":5,"minecraft:deepslate":296,"minecraft:nether_gold_ore":20,"minecraft:tuff":104,"minecraft:mossy_cobblestone":7,"minecraft:dark_oak_leaves":2,"minecraft:deepslate_diamond_ore":48,"minecraft:oak_door":1,"minecraft:dark_oak_log":22,"minecraft:mangrove_roots":37,"minecraft:lever":2,"minecraft:ladder":1,"minecraft:cobbled_deepslate_slab":2,"minecraft:redstone_wire":42,"minecraft:brown_mushroom_block":2,"minecraft:spruce_leaves":33,"minecraft:moss_block":5,"minecraft:mangrove_propagule":2,"minecraft:hay_block":55,"minecraft:spruce_sapling":7,"minecraft:furnace":2,"minecraft:andesite":55,"minecraft:gold_block":1,"minecraft:bell":2,"minecraft:bookshelf":1,"minecraft:cobblestone_slab":1,"minecraft:vine":8,"minecraft:deepslate_iron_ore":31,"minecraft:rail":11,"minecraft:lantern":1,"minecraft:stone":1046,"minecraft:bone_block":17,"minecraft:white_wool":9,"minecraft:oak_slab":18,"minecraft:glass_pane":3,"minecraft:comparator":7,"minecraft:dandelion":1,"minecraft:oak_fence":12,"minecraft:crafting_table":12,"minecraft:short_grass":62,"minecraft:lectern":16,"minecraft:copper_ore":9,"minecraft:tall_grass":16,"minecraft:lapis_ore":7,"minecraft:diorite":22,"minecraft:spruce_log":287,"minecraft:mangrove_leaves":51,"minecraft:yellow_bed":9,"minecraft:coal_ore":21,"minecraft:cherry_leaves":8,"minecraft:gravel":61,"minecraft:dripstone_block":50,"minecraft:cobweb":9},"minecraft:picked_up":{"minecraft:wooden_axe":1,"minecraft:iron_chestplate":4,"minecraft:wheat":26,"minecraft:anvil":7,"minecraft:yellow_wool":9,"minecraft:smithing_table":1,"minecraft:lead":14,"minecraft:diamond_sword":5,"minecraft:oak_stairs":50,"minecraft:brewing_stand":3,"minecraft:string":3007,"minecraft:soul_soil":5,"minecraft:raw_copper":23,"minecraft:iron_leggings":5,"minecraft:gold_nugget":80,"minecraft:cobbled_deepslate":1022,"minecraft:comparator":7,"minecraft:bucket":4,"minecraft:spruce_planks":362,"minecraft:redstone_torch":2,"minecraft:cobblestone_slab":8,"minecraft:iron_pickaxe":10,"minecraft:mangrove_log":18,"minecraft:iron_boots":2,"minecraft:furnace":4,"minecraft:stick":121,"minecraft:oak_fence":47,"minecraft:torch":8,"minecraft:porkchop":29,"minecraft:cherry_log":23,"minecraft:pointed_dripstone":29,"minecraft:diorite":7,"minecraft:cauldron":4,"minecraft:orange_bed":1,"minecraft:stone_sword":8,"minecraft:rotten_flesh":268,"minecraft:mangrove_roots":36,"minecraft:obsidian":4,"minecraft:cobblestone":1269,"minecraft:pink_petals":3,"minecraft:magma_block":1,"minecraft:repeater":13,"minecraft:feather":10,"minecraft:cooked_beef":7,"minecraft:water_bucket":1,"minecraft:andesite":82,"minecraft:dark_oak_boat":18,"minecraft:smoker":1,"minecraft:potato":1,"minecraft:flint":9,"minecraft:tuff":321,"minecraft:lapis_lazuli":97,"minecraft:dirt":1210,"minecraft:lantern":1,"minecraft:name_tag":1,"minecraft:glass":125,"minecraft:bone":45,"minecraft:bow":19,"minecraft:wheat_seeds":166,"minecraft:raw_gold":12,"minecraft:cobbled_deepslate_slab":22,"minecraft:bell":2,"minecraft:grindstone":1,"minecraft:fletching_table":8,"minecraft:moss_block":5,"minecraft:oak_planks":117,"minecraft:cooked_porkchop":1,"minecraft:sand":22,"minecraft:grass_block":3,"minecraft:dark_oak_log":25,"minecraft:mossy_cobblestone":7,"minecraft:dispenser":1,"minecraft:diamond":181,"minecraft:spruce_boat":3,"minecraft:lever":2,"minecraft:granite":159,"minecraft:bread":273,"minecraft:emerald":67,"minecraft:oak_sapling":1,"minecraft:netherrack":77,"minecraft:diamond_pickaxe":7,"minecraft:crafting_table":14,"minecraft:chicken":3,"minecraft:ladder":3,"minecraft:clay_ball":12,"minecraft:chest_minecart":3,"minecraft:leather_leggings":3,"minecraft:brown_mushroom":1,"minecraft:wooden_pickaxe":7,"minecraft:gold_block":1,"minecraft:shield":11,"minecraft:moss_carpet":10,"minecraft:iron_axe":3,"minecraft:beef":53,"minecraft:spruce_slab":1,"minecraft:poppy":2,"minecraft:lectern":17,"minecraft:minecart":6,"minecraft:sugar_cane":94,"minecraft:chest":4,"minecraft:spruce_trapdoor":7,"minecraft:phantom_membrane":3,"minecraft:raw_copper_block":6,"minecraft:egg":132,"minecraft:dark_oak_sapling":3,"minecraft:raw_iron":254,"minecraft:stone":2,"minecraft:oak_door":2,"minecraft:redstone":61,"minecraft:dark_oak_planks":20,"minecraft:arrow":52,"minecraft:stone_shovel":1,"minecraft:beetroot_seeds":14,"minecraft:shears":3,"minecraft:hay_block":91,"minecraft:glow_berries":4,"minecraft:mutton":20,"minecraft:rail":253,"minecraft:white_wool":29,"minecraft:bone_block":17,"minecraft:oxeye_daisy":2,"minecraft:tripwire_hook":2,"minecraft:leather":25,"minecraft:red_mushroom":5,"minecraft:oak_log":18,"minecraft:golden_boots":1,"minecraft:yellow_bed":10,"minecraft:gunpowder":6,"minecraft:cobblestone_stairs":2,"minecraft:paper":8,"minecraft:kelp":3,"minecraft:iron_ingot":224,"minecraft:stone_pickaxe":12,"minecraft:flowering_azalea":1,"minecraft:book":3,"minecraft:oak_slab":19,"minecraft:quartz":50,"minecraft:dripstone_block":108,"minecraft:gravel":61,"minecraft:spruce_sapling":30,"minecraft:blast_furnace":3,"minecraft:white_bed":3,"minecraft:spruce_log":356,"minecraft:spider_eye":16,"minecraft:stone_axe":8,"minecraft:iron_helmet":6,"minecraft:diamond_axe":6,"minecraft:cherry_sapling":5,"minecraft:gray_wool":1,"minecraft:melon_seeds":18,"minecraft:mangrove_propagule":5,"minecraft:coal":192,"minecraft:hopper":1,"minecraft:ender_pearl":3},"minecraft:killed":{"minecraft:spider":8,"minecraft:skeleton":27,"minecraft:chicken":4,"minecraft:pig":1,"minecraft:zombie_villager":2,"minecraft:iron_golem":10,"minecraft:creeper":5,"minecraft:sheep":7,"minecraft:trader_llama":6,"minecraft:zombie":84,"minecraft:cow":16,"minecraft:armadillo":1,"minecraft:phantom":2,"minecraft:wandering_trader":2,"minecraft:villager":1,"minecraft:enderman":2},"minecraft:custom":{"minecraft:animals_bred":7,"minecraft:interact_with_crafting_table":123,"minecraft:bell_ring":56,"minecraft:leave_game":2,"minecraft:time_since_death":269420,"minecraft:sprint_one_cm":1480399,"minecraft:damage_blocked_by_shield":7674,"minecraft:drop":106,"minecraft:talked_to_villager":285,"minecraft:play_time":969032,"minecraft:deaths":29,"minecraft:jump":14919,"minecraft:walk_on_water_one_cm":154148,"minecraft:enchant_item":2,"minecraft:interact_with_furnace":84,"minecraft:traded_with_villager":759,"minecraft:sleep_in_bed":17,"minecraft:damage_dealt":41382,"minecraft:crouch_one_cm":147128,"minecraft:interact_with_smoker":6,"minecraft:inspect_dispenser":8,"minecraft:interact_with_anvil":10,"minecraft:mob_kills":182,"minecraft:inspect_hopper":26,"minecraft:climb_one_cm":14167,"minecraft:walk_one_cm":2089044,"minecraft:sneak_time":56856,"minecraft:walk_under_water_one_cm":147175,"minecraft:boat_one_cm":649776,"minecraft:interact_with_blast_furnace":3,"minecraft:total_world_time":969032,"minecraft:interact_with_stonecutter":2,"minecraft:time_since_rest":65492,"minecraft:damage_taken":16427,"minecraft:swim_one_cm":128936,"minecraft:fly_one_cm":2531098,"minecraft:open_chest":264,"minecraft:fall_one_cm":326254},"minecraft:used":{"minecraft:moss_block":1,"minecraft:cherry_sapling":5,"minecraft:iron_shovel":701,"minecraft:spruce_slab":14,"minecraft:dispenser":2,"minecraft:ladder":4,"minecraft:chest":8,"minecraft:shield":145,"minecraft:iron_sword":28,"minecraft:bell":1,"minecraft:rotten_flesh":26,"minecraft:iron_chestplate":3,"minecraft:mutton":3,"minecraft:tuff":46,"minecraft:spruce_boat":3,"minecraft:glass":12,"minecraft:lava_bucket":1,"minecraft:lantern":1,"minecraft:grass_block":1,"minecraft:iron_helmet":2,"minecraft:repeater":15,"minecraft:bow":2,"minecraft:dark_oak_boat":20,"minecraft:oak_sapling":1,"minecraft:furnace":7,"minecraft:egg":80,"minecraft:diorite":5,"minecraft:diamond_boots":1,"minecraft:stone_pickaxe":530,"minecraft:oak_planks":3,"minecraft:wooden_pickaxe":56,"minecraft:sugar_cane":24,"minecraft:diamond_axe":689,"minecraft:glow_berries":4,"minecraft:blast_furnace":4,"minecraft:dripstone_block":11,"minecraft:shears":13,"minecraft:deepslate_tiles":16,"minecraft:lever":2,"minecraft:dark_oak_log":1,"minecraft:bread":113,"minecraft:string":13,"minecraft:lectern":17,"minecraft:gravel":53,"minecraft:diamond_sword":366,"minecraft:smithing_table":1,"minecraft:andesite":11,"minecraft:bone_meal":3,"minecraft:oak_fence":31,"minecraft:enchanting_table":1,"minecraft:stone_sword":92,"minecraft:stone_shovel":131,"minecraft:redstone":48,"minecraft:spruce_planks":125,"minecraft:cooked_chicken":3,"minecraft:netherrack":40,"minecraft:orange_bed":1,"minecraft:torch":5,"minecraft:dirt":436,"minecraft:anvil":8,"minecraft:white_carpet":9,"minecraft:hopper":5,"minecraft:spruce_fence":2,"minecraft:diamond_helmet":1,"minecraft:granite":68,"minecraft:dark_oak_planks":5,"minecraft:bookshelf":1,"minecraft:iron_axe":206,"minecraft:iron_boots":1,"minecraft:beef":2,"minecraft:minecart":5,"minecraft:cooked_beef":13,"minecraft:cobbled_deepslate":148,"minecraft:iron_leggings":4,"minecraft:pointed_dripstone":2,"minecraft:cooked_mutton":16,"minecraft:cobblestone_stairs":1,"minecraft:spruce_fence_gate":1,"minecraft:stonecutter":1,"minecraft:fletching_table":11,"minecraft:cobblestone_slab":13,"minecraft:deepslate_bricks":20,"minecraft:mossy_cobblestone":2,"minecraft:rail":1,"minecraft:comparator":8,"minecraft:crafting_table":22,"minecraft:white_bed":4,"minecraft:smoker":1,"minecraft:spruce_log":5,"minecraft:diamond_pickaxe":753,"minecraft:mangrove_propagule":3,"minecraft:chicken":1,"minecraft:iron_pickaxe":1077,"minecraft:spruce_trapdoor":11,"minecraft:spruce_sapling":24,"minecraft:stone_axe":67,"minecraft:pink_petals":3,"minecraft:cobblestone":273,"minecraft:cobbled_deepslate_slab":5,"minecraft:porkchop":1,"minecraft:cooked_porkchop":18,"minecraft:bucket":3,"minecraft:glass_pane":15,"minecraft:yellow_bed":14,"minecraft:diamond_leggings":1},"minecraft:broken":{"minecraft:iron_shovel":2,"minecraft:stone_pickaxe":2,"minecraft:stone_shovel":1,"minecraft:shield":3,"minecraft:iron_pickaxe":2},"minecraft:killed_by":{"minecraft:creeper":4,"minecraft:pillager":1,"minecraft:zombie":8,"minecraft:skeleton":11,"minecraft:phantom":1}},"DataVersion":3953}