{"stats":{"minecraft:killed_by":{"minecraft:creeper":3,"minecraft:pillager":1,"minecraft:skeleton":7,"minecraft:zombie":6},"minecraft:custom":{"minecraft:mob_kills":75,"minecraft:interact_with_crafting_table":66,"minecraft:bell_ring":56,"minecraft:leave_game":1,"minecraft:time_since_death":49215,"minecraft:climb_one_cm":2231,"minecraft:sprint_one_cm":842308,"minecraft:walk_one_cm":940655,"minecraft:damage_blocked_by_shield":5619,"minecraft:drop":52,"minecraft:talked_to_villager":15,"minecraft:play_time":445576,"minecraft:sneak_time":28558,"minecraft:deaths":18,"minecraft:walk_under_water_one_cm":86279,"minecraft:boat_one_cm":330668,"minecraft:jump":8922,"minecraft:walk_on_water_one_cm":90754,"minecraft:enchant_item":2,"minecraft:total_world_time":445576,"minecraft:interact_with_furnace":47,"minecraft:traded_with_villager":25,"minecraft:interact_with_stonecutter":2,"minecraft:sleep_in_bed":13,"minecraft:time_since_rest":2438,"minecraft:damage_taken":8623,"minecraft:damage_dealt":13780,"minecraft:swim_one_cm":100619,"minecraft:fly_one_cm":1522928,"minecraft:open_chest":66,"minecraft:crouch_one_cm":70511,"minecraft:interact_with_smoker":6,"minecraft:fall_one_cm":225595},"minecraft:picked_up":{"minecraft:wooden_axe":1,"minecraft:crafting_table":11,"minecraft:wheat":26,"minecraft:chicken":2,"minecraft:ladder":2,"minecraft:clay_ball":12,"minecraft:yellow_wool":9,"minecraft:brown_mushroom":1,"minecraft:lead":2,"minecraft:wooden_pickaxe":7,"minecraft:oak_stairs":50,"minecraft:gold_block":1,"minecraft:shield":6,"minecraft:string":724,"minecraft:raw_copper":23,"minecraft:moss_carpet":5,"minecraft:iron_axe":1,"minecraft:cobbled_deepslate":919,"minecraft:spruce_planks":106,"minecraft:beef":42,"minecraft:poppy":2,"minecraft:iron_pickaxe":8,"minecraft:minecart":3,"minecraft:chest":2,"minecraft:sugar_cane":18,"minecraft:furnace":2,"minecraft:dark_oak_sapling":3,"minecraft:stick":83,"minecraft:raw_iron":132,"minecraft:oak_door":1,"minecraft:oak_fence":42,"minecraft:torch":7,"minecraft:porkchop":28,"minecraft:cherry_log":23,"minecraft:pointed_dripstone":12,"minecraft:diorite":5,"minecraft:cauldron":4,"minecraft:dark_oak_planks":11,"minecraft:orange_bed":1,"minecraft:stone_shovel":1,"minecraft:stone_sword":8,"minecraft:arrow":19,"minecraft:rotten_flesh":151,"minecraft:beetroot_seeds":6,"minecraft:shears":1,"minecraft:hay_block":55,"minecraft:glow_berries":4,"minecraft:obsidian":4,"minecraft:mutton":8,"minecraft:cobblestone":456,"minecraft:white_wool":18,"minecraft:rail":2,"minecraft:oxeye_daisy":2,"minecraft:pink_petals":2,"minecraft:magma_block":1,"minecraft:cooked_beef":7,"minecraft:tripwire_hook":2,"minecraft:water_bucket":1,"minecraft:andesite":21,"minecraft:leather":15,"minecraft:dark_oak_boat":7,"minecraft:red_mushroom":5,"minecraft:smoker":1,"minecraft:potato":1,"minecraft:gunpowder":2,"minecraft:flint":4,"minecraft:tuff":273,"minecraft:oak_log":13,"minecraft:yellow_bed":10,"minecraft:cobblestone_stairs":1,"minecraft:lapis_lazuli":43,"minecraft:dirt":1033,"minecraft:bone":22,"minecraft:bow":2,"minecraft:wheat_seeds":86,"minecraft:raw_gold":12,"minecraft:cobbled_deepslate_slab":21,"minecraft:bell":2,"minecraft:stone_pickaxe":7,"minecraft:iron_ingot":20,"minecraft:fletching_table":1,"minecraft:moss_block":5,"minecraft:oak_planks":91,"minecraft:flowering_azalea":1,"minecraft:oak_slab":19,"minecraft:cooked_porkchop":1,"minecraft:sand":10,"minecraft:gravel":3,"minecraft:dripstone_block":28,"minecraft:spruce_sapling":25,"minecraft:spruce_log":194,"minecraft:dark_oak_log":16,"minecraft:spider_eye":11,"minecraft:mossy_cobblestone":7,"minecraft:diamond":145,"minecraft:stone_axe":8,"minecraft:granite":21,"minecraft:cherry_sapling":5,"minecraft:bread":70,"minecraft:oak_sapling":1,"minecraft:melon_seeds":14,"minecraft:coal":126,"minecraft:mangrove_propagule":1},"minecraft:crafted":{"minecraft:cobbled_deepslate_slab":6,"minecraft:oak_planks":40,"minecraft:mangrove_propagule":1,"minecraft:tripwire_hook":2,"minecraft:dark_oak_boat":3,"minecraft:cooked_chicken":2,"minecraft:furnace":6,"minecraft:stone":3,"minecraft:yellow_bed":2,"minecraft:bone_meal":3,"minecraft:cooked_mutton":5,"minecraft:glass_pane":16,"minecraft:glass":10,"minecraft:iron_axe":1,"minecraft:ladder":3,"minecraft:stone_pickaxe":5,"minecraft:oak_button":2,"minecraft:dark_oak_planks":60,"minecraft:wheat":189,"minecraft:cooked_beef":40,"minecraft:diamond_sword":1,"minecraft:emerald":24,"minecraft:cooked_porkchop":28,"minecraft:diamond_axe":1,"minecraft:crafting_table":8,"minecraft:spruce_planks":152,"minecraft:enchanting_table":1,"minecraft:wooden_pickaxe":3,"minecraft:iron_sword":1,"minecraft:fletching_table":1,"minecraft:bucket":1,"minecraft:hay_block":2,"minecraft:stone_axe":3,"minecraft:bread":63,"minecraft:air":0,"minecraft:iron_chestplate":1,"minecraft:book":1,"minecraft:diamond_pickaxe":1,"minecraft:shield":3,"minecraft:stick":56,"minecraft:iron_ingot":37,"minecraft:iron_pickaxe":4,"minecraft:stone_sword":2,"minecraft:iron_shovel":3,"minecraft:stonecutter":1,"minecraft:shears":1,"minecraft:stone_shovel":1},"minecraft:used":{"minecraft:moss_block":1,"minecraft:oak_fence":31,"minecraft:cherry_sapling":5,"minecraft:enchanting_table":1,"minecraft:stone_sword":92,"minecraft:iron_shovel":701,"minecraft:stone_shovel":131,"minecraft:ladder":3,"minecraft:spruce_planks":86,"minecraft:chest":2,"minecraft:shield":110,"minecraft:iron_sword":28,"minecraft:rotten_flesh":6,"minecraft:bell":1,"minecraft:cooked_chicken":1,"minecraft:iron_chestplate":1,"minecraft:orange_bed":1,"minecraft:torch":5,"minecraft:dirt":332,"minecraft:mutton":2,"minecraft:tuff":46,"minecraft:granite":3,"minecraft:iron_axe":197,"minecraft:dark_oak_boat":7,"minecraft:beef":2,"minecraft:furnace":7,"minecraft:oak_sapling":1,"minecraft:minecart":3,"minecraft:cooked_beef":12,"minecraft:cobbled_deepslate":141,"minecraft:pointed_dripstone":2,"minecraft:cooked_mutton":5,"minecraft:diorite":4,"minecraft:cobblestone_stairs":1,"minecraft:stone_pickaxe":385,"minecraft:oak_planks":3,"minecraft:stonecutter":1,"minecraft:wooden_pickaxe":56,"minecraft:diamond_axe":281,"minecraft:fletching_table":2,"minecraft:deepslate_bricks":20,"minecraft:glow_berries":4,"minecraft:mossy_cobblestone":2,"minecraft:crafting_table":17,"minecraft:dripstone_block":9,"minecraft:smoker":1,"minecraft:shears":13,"minecraft:spruce_log":2,"minecraft:deepslate_tiles":16,"minecraft:diamond_pickaxe":4,"minecraft:mangrove_propagule":2,"minecraft:bread":29,"minecraft:string":1,"minecraft:iron_pickaxe":719,"minecraft:spruce_sapling":21,"minecraft:stone_axe":67,"minecraft:pink_petals":2,"minecraft:diamond_sword":37,"minecraft:cobblestone":46,"minecraft:cobbled_deepslate_slab":4,"minecraft:cooked_porkchop":18,"minecraft:bucket":1,"minecraft:andesite":5,"minecraft:glass_pane":15,"minecraft:yellow_bed":13,"minecraft:bone_meal":3},"minecraft:killed":{"minecraft:armadillo":1,"minecraft:spider":4,"minecraft:skeleton":10,"minecraft:iron_golem":1,"minecraft:wandering_trader":1,"minecraft:creeper":2,"minecraft:sheep":3,"minecraft:trader_llama":2,"minecraft:zombie":37,"minecraft:cow":11},"minecraft:broken":{"minecraft:iron_shovel":2,"minecraft:stone_pickaxe":1,"minecraft:shield":2,"minecraft:iron_pickaxe":2,"minecraft:stone_shovel":1},"minecraft:mined":{"minecraft:tuff":88,"minecraft:mossy_cobblestone":7,"minecraft:dark_oak_leaves":2,"minecraft:deepslate_diamond_ore":36,"minecraft:oak_door":1,"minecraft:cobblestone_stairs":1,"minecraft:cherry_log":23,"minecraft:dark_oak_log":13,"minecraft:obsidian":4,"minecraft:ladder":1,"minecraft:granite":13,"minecraft:cobbled_deepslate_slab":1,"minecraft:grass_block":344,"minecraft:brown_mushroom_block":2,"minecraft:spruce_leaves":33,"minecraft:moss_block":5,"minecraft:oxeye_daisy":2,"minecraft:mangrove_propagule":1,"minecraft:spawner":2,"minecraft:hay_block":55,"minecraft:magma_block":1,"minecraft:spruce_sapling":7,"minecraft:furnace":2,"minecraft:iron_ore":72,"minecraft:cobbled_deepslate":19,"minecraft:andesite":22,"minecraft:fletching_table":1,"minecraft:gold_block":1,"minecraft:bell":2,"minecraft:pointed_dripstone":3,"minecraft:dirt_path":83,"minecraft:deepslate_iron_ore":7,"minecraft:water_cauldron":4,"minecraft:rail":2,"minecraft:oak_stairs":50,"minecraft:stone":435,"minecraft:white_wool":9,"minecraft:orange_bed":1,"minecraft:oak_slab":18,"minecraft:glass_pane":3,"minecraft:smoker":1,"minecraft:dandelion":1,"minecraft:crafting_table":10,"minecraft:oak_fence":12,"minecraft:clay":3,"minecraft:short_grass":46,"minecraft:chest":2,"minecraft:mushroom_stem":1,"minecraft:copper_ore":5,"minecraft:cobblestone":53,"minecraft:lapis_ore":7,"minecraft:oak_planks":68,"minecraft:sugar_cane":7,"minecraft:diorite":5,"minecraft:pink_petals":2,"minecraft:yellow_wool":9,"minecraft:wheat":28,"minecraft:spruce_log":188,"minecraft:yellow_bed":9,"minecraft:oak_log":13,"minecraft:coal_ore":4,"minecraft:sand":10,"minecraft:cherry_leaves":8,"minecraft:dripstone_block":13,"minecraft:dirt":458,"minecraft:cobweb":8,"minecraft:oak_leaves":3,"minecraft:deepslate":257,"minecraft:spruce_planks":23},"minecraft:dropped":{"minecraft:cooked_beef":16,"minecraft:moss_block":4,"minecraft:water_bucket":2,"minecraft:oak_slab":1,"minecraft:cherry_log":23,"minecraft:dark_oak_sapling":1,"minecraft:cooked_porkchop":8,"minecraft:oak_fence":10,"minecraft:cobblestone":2,"minecraft:granite":3,"minecraft:coal":1,"minecraft:stick":2,"minecraft:oxeye_daisy":2,"minecraft:dirt":10,"minecraft:iron_axe":1,"minecraft:iron_pickaxe":2,"minecraft:string":6,"minecraft:tripwire_hook":4,"minecraft:stone_axe":2,"minecraft:moss_carpet":5,"minecraft:cooked_chicken":1,"minecraft:pointed_dripstone":2,"minecraft:raw_iron":38,"minecraft:stone_shovel":1,"minecraft:rotten_flesh":2,"minecraft:shears":2,"minecraft:poppy":1,"minecraft:shield":2,"minecraft:andesite":1,"minecraft:ladder":2,"minecraft:spider_eye":3,"minecraft:spruce_log":6,"minecraft:arrow":1,"minecraft:wooden_pickaxe":1,"minecraft:wheat_seeds":8}},"DataVersion":3953}