{"stats":{"minecraft:killed_by":{"minecraft:creeper":3,"minecraft:pillager":1,"minecraft:zombie":8,"minecraft:skeleton":8},"minecraft:custom":{"minecraft:interact_with_crafting_table":72,"minecraft:bell_ring":56,"minecraft:leave_game":2,"minecraft:time_since_death":15294,"minecraft:sprint_one_cm":985015,"minecraft:damage_blocked_by_shield":6744,"minecraft:drop":55,"minecraft:talked_to_villager":15,"minecraft:play_time":545513,"minecraft:deaths":23,"minecraft:jump":10448,"minecraft:walk_on_water_one_cm":105728,"minecraft:enchant_item":2,"minecraft:interact_with_furnace":55,"minecraft:traded_with_villager":25,"minecraft:sleep_in_bed":13,"minecraft:damage_dealt":26756,"minecraft:crouch_one_cm":90469,"minecraft:interact_with_smoker":6,"minecraft:mob_kills":106,"minecraft:inspect_hopper":3,"minecraft:climb_one_cm":2231,"minecraft:walk_one_cm":1202881,"minecraft:sneak_time":37710,"minecraft:walk_under_water_one_cm":96246,"minecraft:boat_one_cm":531876,"minecraft:interact_with_blast_furnace":2,"minecraft:total_world_time":545513,"minecraft:interact_with_stonecutter":2,"minecraft:time_since_rest":15330,"minecraft:damage_taken":11734,"minecraft:swim_one_cm":106153,"minecraft:fly_one_cm":1666185,"minecraft:open_chest":80,"minecraft:fall_one_cm":257023},"minecraft:picked_up":{"minecraft:wooden_axe":1,"minecraft:wheat":26,"minecraft:yellow_wool":9,"minecraft:lead":2,"minecraft:diamond_sword":3,"minecraft:oak_stairs":50,"minecraft:string":729,"minecraft:raw_copper":23,"minecraft:cobbled_deepslate":1022,"minecraft:spruce_planks":335,"minecraft:iron_pickaxe":10,"minecraft:furnace":4,"minecraft:stick":87,"minecraft:oak_fence":44,"minecraft:torch":7,"minecraft:porkchop":28,"minecraft:cherry_log":23,"minecraft:pointed_dripstone":29,"minecraft:diorite":5,"minecraft:cauldron":4,"minecraft:orange_bed":1,"minecraft:stone_sword":8,"minecraft:rotten_flesh":181,"minecraft:obsidian":4,"minecraft:cobblestone":730,"minecraft:pink_petals":2,"minecraft:magma_block":1,"minecraft:cooked_beef":7,"minecraft:water_bucket":1,"minecraft:andesite":66,"minecraft:dark_oak_boat":13,"minecraft:potato":1,"minecraft:smoker":1,"minecraft:flint":7,"minecraft:tuff":321,"minecraft:lapis_lazuli":97,"minecraft:dirt":1067,"minecraft:bone":27,"minecraft:bow":6,"minecraft:wheat_seeds":86,"minecraft:raw_gold":12,"minecraft:cobbled_deepslate_slab":21,"minecraft:bell":2,"minecraft:fletching_table":1,"minecraft:moss_block":5,"minecraft:oak_planks":93,"minecraft:cooked_porkchop":1,"minecraft:sand":10,"minecraft:dark_oak_log":21,"minecraft:mossy_cobblestone":7,"minecraft:diamond":181,"minecraft:spruce_boat":3,"minecraft:granite":40,"minecraft:bread":128,"minecraft:oak_sapling":1,"minecraft:diamond_pickaxe":3,"minecraft:crafting_table":13,"minecraft:chicken":2,"minecraft:ladder":2,"minecraft:clay_ball":12,"minecraft:chest_minecart":3,"minecraft:brown_mushroom":1,"minecraft:wooden_pickaxe":7,"minecraft:gold_block":1,"minecraft:shield":8,"minecraft:moss_carpet":5,"minecraft:iron_axe":1,"minecraft:beef":42,"minecraft:poppy":2,"minecraft:minecart":6,"minecraft:sugar_cane":18,"minecraft:chest":2,"minecraft:raw_copper_block":6,"minecraft:dark_oak_sapling":3,"minecraft:raw_iron":252,"minecraft:oak_door":1,"minecraft:dark_oak_planks":14,"minecraft:arrow":35,"minecraft:stone_shovel":1,"minecraft:beetroot_seeds":14,"minecraft:shears":1,"minecraft:hay_block":55,"minecraft:glow_berries":4,"minecraft:mutton":8,"minecraft:rail":58,"minecraft:white_wool":26,"minecraft:oxeye_daisy":2,"minecraft:tripwire_hook":2,"minecraft:leather":15,"minecraft:red_mushroom":5,"minecraft:oak_log":13,"minecraft:yellow_bed":10,"minecraft:gunpowder":2,"minecraft:cobblestone_stairs":1,"minecraft:kelp":3,"minecraft:iron_ingot":20,"minecraft:stone_pickaxe":7,"minecraft:flowering_azalea":1,"minecraft:oak_slab":19,"minecraft:dripstone_block":108,"minecraft:gravel":3,"minecraft:spruce_sapling":25,"minecraft:spruce_log":194,"minecraft:spider_eye":11,"minecraft:stone_axe":8,"minecraft:diamond_axe":1,"minecraft:cherry_sapling":5,"minecraft:melon_seeds":18,"minecraft:mangrove_propagule":1,"minecraft:coal":126},"minecraft:crafted":{"minecraft:oak_planks":40,"minecraft:dark_oak_boat":5,"minecraft:cooked_chicken":2,"minecraft:stone":3,"minecraft:cooked_mutton":9,"minecraft:glass":10,"minecraft:iron_boots":1,"minecraft:oak_button":2,"minecraft:emerald":24,"minecraft:cooked_porkchop":28,"minecraft:diamond_axe":1,"minecraft:crafting_table":8,"minecraft:spruce_planks":152,"minecraft:wooden_pickaxe":3,"minecraft:iron_helmet":1,"minecraft:fletching_table":1,"minecraft:hay_block":2,"minecraft:book":1,"minecraft:iron_chestplate":2,"minecraft:diamond_pickaxe":1,"minecraft:shield":3,"minecraft:stick":56,"minecraft:iron_ingot":37,"minecraft:iron_pickaxe":4,"minecraft:stone_sword":2,"minecraft:shears":2,"minecraft:cobbled_deepslate_slab":6,"minecraft:mangrove_propagule":1,"minecraft:stone_shovel":1,"minecraft:tripwire_hook":2,"minecraft:furnace":6,"minecraft:yellow_bed":2,"minecraft:bone_meal":3,"minecraft:white_carpet":12,"minecraft:glass_pane":16,"minecraft:iron_axe":1,"minecraft:ladder":3,"minecraft:stone_pickaxe":5,"minecraft:dark_oak_planks":76,"minecraft:wheat":189,"minecraft:cooked_beef":40,"minecraft:diamond_sword":1,"minecraft:enchanting_table":1,"minecraft:iron_sword":1,"minecraft:bucket":1,"minecraft:stone_axe":3,"minecraft:bread":63,"minecraft:air":0,"minecraft:iron_shovel":3,"minecraft:iron_leggings":1,"minecraft:stonecutter":1},"minecraft:used":{"minecraft:moss_block":1,"minecraft:cherry_sapling":5,"minecraft:iron_shovel":701,"minecraft:ladder":3,"minecraft:chest":2,"minecraft:shield":130,"minecraft:iron_sword":28,"minecraft:bell":1,"minecraft:rotten_flesh":6,"minecraft:iron_chestplate":2,"minecraft:mutton":2,"minecraft:tuff":46,"minecraft:spruce_boat":3,"minecraft:bow":1,"minecraft:dark_oak_boat":14,"minecraft:oak_sapling":1,"minecraft:furnace":7,"minecraft:diorite":4,"minecraft:stone_pickaxe":515,"minecraft:oak_planks":3,"minecraft:wooden_pickaxe":56,"minecraft:diamond_axe":282,"minecraft:glow_berries":4,"minecraft:blast_furnace":1,"minecraft:dripstone_block":11,"minecraft:shears":13,"minecraft:deepslate_tiles":16,"minecraft:dark_oak_log":1,"minecraft:bread":59,"minecraft:string":1,"minecraft:diamond_sword":219,"minecraft:andesite":5,"minecraft:bone_meal":3,"minecraft:oak_fence":31,"minecraft:enchanting_table":1,"minecraft:stone_sword":92,"minecraft:stone_shovel":131,"minecraft:spruce_planks":86,"minecraft:cooked_chicken":1,"minecraft:orange_bed":1,"minecraft:torch":5,"minecraft:dirt":341,"minecraft:white_carpet":9,"minecraft:granite":3,"minecraft:dark_oak_planks":5,"minecraft:iron_axe":197,"minecraft:beef":2,"minecraft:minecart":4,"minecraft:cooked_beef":12,"minecraft:cobbled_deepslate":148,"minecraft:iron_leggings":1,"minecraft:pointed_dripstone":2,"minecraft:cooked_mutton":9,"minecraft:cobblestone_stairs":1,"minecraft:fletching_table":2,"minecraft:stonecutter":1,"minecraft:deepslate_bricks":20,"minecraft:mossy_cobblestone":2,"minecraft:rail":1,"minecraft:crafting_table":17,"minecraft:spruce_log":2,"minecraft:smoker":1,"minecraft:diamond_pickaxe":146,"minecraft:mangrove_propagule":2,"minecraft:iron_pickaxe":944,"minecraft:spruce_sapling":21,"minecraft:stone_axe":67,"minecraft:pink_petals":2,"minecraft:cobblestone":76,"minecraft:cobbled_deepslate_slab":4,"minecraft:cooked_porkchop":18,"minecraft:bucket":1,"minecraft:glass_pane":15,"minecraft:yellow_bed":14},"minecraft:killed":{"minecraft:spider":6,"minecraft:skeleton":17,"minecraft:iron_golem":10,"minecraft:creeper":2,"minecraft:sheep":3,"minecraft:trader_llama":2,"minecraft:zombie":48,"minecraft:cow":11,"minecraft:armadillo":1,"minecraft:wandering_trader":1,"minecraft:villager":1},"minecraft:broken":{"minecraft:iron_shovel":2,"minecraft:stone_pickaxe":2,"minecraft:stone_shovel":1,"minecraft:shield":2,"minecraft:iron_pickaxe":2},"minecraft:mined":{"minecraft:dark_oak_planks":3,"minecraft:spruce_planks":23,"minecraft:cherry_log":23,"minecraft:cobblestone_stairs":1,"minecraft:obsidian":5,"minecraft:granite":18,"minecraft:grass_block":348,"minecraft:oxeye_daisy":2,"minecraft:spawner":2,"minecraft:tall_seagrass":2,"minecraft:magma_block":1,"minecraft:iron_ore":87,"minecraft:cobbled_deepslate":19,"minecraft:fletching_table":1,"minecraft:deepslate_lapis_ore":3,"minecraft:pointed_dripstone":5,"minecraft:water_cauldron":4,"minecraft:dirt_path":83,"minecraft:oak_stairs":50,"minecraft:orange_bed":1,"minecraft:smoker":1,"minecraft:clay":3,"minecraft:chest":2,"minecraft:mushroom_stem":1,"minecraft:glass":1,"minecraft:cobblestone":64,"minecraft:sugar_cane":7,"minecraft:oak_planks":69,"minecraft:pink_petals":2,"minecraft:yellow_wool":9,"minecraft:wheat":28,"minecraft:oak_log":13,"minecraft:sand":10,"minecraft:dirt":509,"minecraft:raw_copper_block":2,"minecraft:oak_leaves":3,"minecraft:deepslate":296,"minecraft:tuff":104,"minecraft:mossy_cobblestone":7,"minecraft:dark_oak_leaves":2,"minecraft:deepslate_diamond_ore":48,"minecraft:oak_door":1,"minecraft:dark_oak_log":18,"minecraft:cobbled_deepslate_slab":1,"minecraft:ladder":1,"minecraft:brown_mushroom_block":2,"minecraft:spruce_leaves":33,"minecraft:mangrove_propagule":1,"minecraft:moss_block":5,"minecraft:hay_block":55,"minecraft:spruce_sapling":7,"minecraft:furnace":2,"minecraft:andesite":37,"minecraft:gold_block":1,"minecraft:bell":2,"minecraft:deepslate_iron_ore":31,"minecraft:rail":11,"minecraft:stone":673,"minecraft:white_wool":9,"minecraft:oak_slab":18,"minecraft:glass_pane":3,"minecraft:dandelion":1,"minecraft:oak_fence":12,"minecraft:crafting_table":10,"minecraft:short_grass":49,"minecraft:copper_ore":9,"minecraft:lapis_ore":7,"minecraft:diorite":20,"minecraft:spruce_log":188,"minecraft:yellow_bed":9,"minecraft:coal_ore":4,"minecraft:cherry_leaves":8,"minecraft:dripstone_block":50,"minecraft:gravel":1,"minecraft:cobweb":9},"minecraft:dropped":{"minecraft:moss_block":4,"minecraft:cooked_beef":16,"minecraft:dark_oak_sapling":1,"minecraft:cooked_porkchop":8,"minecraft:dirt":19,"minecraft:iron_pickaxe":2,"minecraft:stone_axe":2,"minecraft:cooked_chicken":1,"minecraft:pointed_dripstone":2,"minecraft:rotten_flesh":2,"minecraft:poppy":1,"minecraft:ladder":2,"minecraft:arrow":1,"minecraft:water_bucket":2,"minecraft:oak_slab":1,"minecraft:wheat_seeds":8,"minecraft:cherry_log":23,"minecraft:oak_fence":10,"minecraft:cobblestone":2,"minecraft:granite":10,"minecraft:coal":1,"minecraft:stick":2,"minecraft:oxeye_daisy":2,"minecraft:iron_axe":1,"minecraft:string":6,"minecraft:tripwire_hook":4,"minecraft:moss_carpet":5,"minecraft:raw_iron":38,"minecraft:stone_shovel":1,"minecraft:shears":2,"minecraft:shield":2,"minecraft:andesite":1,"minecraft:spider_eye":3,"minecraft:spruce_log":6,"minecraft:wooden_pickaxe":1}},"DataVersion":3953}