{"stats":{"minecraft:killed":{"minecraft:spider":7,"minecraft:skeleton":22,"minecraft:pig":1,"minecraft:zombie_villager":2,"minecraft:iron_golem":10,"minecraft:creeper":4,"minecraft:sheep":6,"minecraft:trader_llama":6,"minecraft:zombie":68,"minecraft:cow":11,"minecraft:armadillo":1,"minecraft:phantom":1,"minecraft:wandering_trader":2,"minecraft:villager":1,"minecraft:enderman":1},"minecraft:used":{"minecraft:moss_block":1,"minecraft:cherry_sapling":5,"minecraft:iron_shovel":701,"minecraft:dispenser":2,"minecraft:spruce_slab":1,"minecraft:ladder":3,"minecraft:chest":6,"minecraft:shield":145,"minecraft:iron_sword":28,"minecraft:bell":1,"minecraft:rotten_flesh":25,"minecraft:iron_chestplate":3,"minecraft:mutton":2,"minecraft:tuff":46,"minecraft:spruce_boat":3,"minecraft:glass":10,"minecraft:lava_bucket":1,"minecraft:iron_helmet":2,"minecraft:repeater":2,"minecraft:bow":1,"minecraft:dark_oak_boat":19,"minecraft:oak_sapling":1,"minecraft:furnace":7,"minecraft:egg":5,"minecraft:diorite":5,"minecraft:stone_pickaxe":530,"minecraft:oak_planks":3,"minecraft:wooden_pickaxe":56,"minecraft:diamond_axe":548,"minecraft:glow_berries":4,"minecraft:blast_furnace":1,"minecraft:dripstone_block":11,"minecraft:shears":13,"minecraft:deepslate_tiles":16,"minecraft:dark_oak_log":1,"minecraft:bread":72,"minecraft:string":4,"minecraft:lectern":2,"minecraft:diamond_sword":307,"minecraft:andesite":5,"minecraft:bone_meal":3,"minecraft:oak_fence":31,"minecraft:redstone":10,"minecraft:enchanting_table":1,"minecraft:stone_sword":92,"minecraft:stone_shovel":131,"minecraft:spruce_planks":88,"minecraft:cooked_chicken":2,"minecraft:netherrack":2,"minecraft:orange_bed":1,"minecraft:torch":5,"minecraft:dirt":398,"minecraft:anvil":1,"minecraft:white_carpet":9,"minecraft:hopper":5,"minecraft:granite":18,"minecraft:dark_oak_planks":5,"minecraft:iron_axe":206,"minecraft:iron_boots":1,"minecraft:beef":2,"minecraft:minecart":4,"minecraft:cooked_beef":12,"minecraft:cobbled_deepslate":148,"minecraft:iron_leggings":4,"minecraft:pointed_dripstone":2,"minecraft:cooked_mutton":16,"minecraft:cobblestone_stairs":1,"minecraft:fletching_table":6,"minecraft:stonecutter":1,"minecraft:cobblestone_slab":12,"minecraft:deepslate_bricks":20,"minecraft:mossy_cobblestone":2,"minecraft:rail":1,"minecraft:comparator":3,"minecraft:crafting_table":20,"minecraft:white_bed":1,"minecraft:spruce_log":5,"minecraft:smoker":1,"minecraft:diamond_pickaxe":220,"minecraft:chicken":1,"minecraft:mangrove_propagule":3,"minecraft:iron_pickaxe":944,"minecraft:spruce_sapling":24,"minecraft:stone_axe":67,"minecraft:pink_petals":3,"minecraft:cobblestone":96,"minecraft:cobbled_deepslate_slab":5,"minecraft:porkchop":1,"minecraft:cooked_porkchop":18,"minecraft:bucket":3,"minecraft:glass_pane":15,"minecraft:yellow_bed":14},"minecraft:crafted":{"minecraft:oak_planks":60,"minecraft:cobblestone_slab":12,"minecraft:dark_oak_boat":6,"minecraft:cooked_chicken":2,"minecraft:stone":13,"minecraft:cooked_mutton":16,"minecraft:glass":20,"minecraft:hopper":4,"minecraft:repeater":2,"minecraft:bow":1,"minecraft:iron_boots":1,"minecraft:comparator":1,"minecraft:chest":6,"minecraft:oak_button":2,"minecraft:rail":64,"minecraft:arrow":64,"minecraft:emerald":146,"minecraft:cooked_porkchop":28,"minecraft:diamond_axe":2,"minecraft:crafting_table":11,"minecraft:spruce_planks":508,"minecraft:wooden_pickaxe":3,"minecraft:iron_helmet":1,"minecraft:fletching_table":2,"minecraft:hay_block":2,"minecraft:dispenser":1,"minecraft:paper":3,"minecraft:book":2,"minecraft:iron_chestplate":2,"minecraft:diamond_pickaxe":1,"minecraft:shield":5,"minecraft:stick":1040,"minecraft:iron_ingot":37,"minecraft:iron_pickaxe":4,"minecraft:iron_block":3,"minecraft:stone_sword":2,"minecraft:redstone_torch":8,"minecraft:shears":2,"minecraft:redstone":18,"minecraft:cobbled_deepslate_slab":6,"minecraft:mangrove_propagule":1,"minecraft:stone_shovel":1,"minecraft:tripwire_hook":2,"minecraft:furnace":6,"minecraft:yellow_bed":2,"minecraft:bone_meal":3,"minecraft:white_carpet":12,"minecraft:glass_pane":16,"minecraft:iron_axe":2,"minecraft:ladder":3,"minecraft:spruce_slab":6,"minecraft:stone_pickaxe":5,"minecraft:dark_oak_planks":92,"minecraft:wheat":351,"minecraft:cooked_beef":40,"minecraft:diamond_sword":1,"minecraft:enchanting_table":1,"minecraft:iron_sword":1,"minecraft:mangrove_planks":72,"minecraft:bucket":2,"minecraft:stone_axe":3,"minecraft:enchanted_book":1,"minecraft:bread":117,"minecraft:air":0,"minecraft:iron_shovel":3,"minecraft:iron_leggings":1,"minecraft:stonecutter":1,"minecraft:anvil":1,"minecraft:white_bed":1},"minecraft:dropped":{"minecraft:moss_block":4,"minecraft:cooked_beef":16,"minecraft:dark_oak_sapling":1,"minecraft:cooked_porkchop":8,"minecraft:rail":64,"minecraft:dirt":26,"minecraft:iron_pickaxe":2,"minecraft:stone_axe":2,"minecraft:cooked_chicken":1,"minecraft:pointed_dripstone":2,"minecraft:rotten_flesh":4,"minecraft:oak_planks":1,"minecraft:poppy":1,"minecraft:ladder":2,"minecraft:leather_leggings":1,"minecraft:arrow":1,"minecraft:enchanted_book":2,"minecraft:water_bucket":2,"minecraft:oak_slab":1,"minecraft:wheat_seeds":8,"minecraft:cherry_log":23,"minecraft:oak_fence":10,"minecraft:cobblestone":2,"minecraft:granite":19,"minecraft:coal":1,"minecraft:stick":2,"minecraft:oxeye_daisy":2,"minecraft:diorite":1,"minecraft:iron_axe":1,"minecraft:string":6,"minecraft:tripwire_hook":4,"minecraft:moss_carpet":5,"minecraft:raw_iron":38,"minecraft:stone_shovel":1,"minecraft:name_tag":1,"minecraft:shears":2,"minecraft:stone":1,"minecraft:shield":2,"minecraft:diamond_pickaxe":2,"minecraft:andesite":4,"minecraft:spider_eye":3,"minecraft:spruce_log":6,"minecraft:bow":1,"minecraft:wooden_pickaxe":1},"minecraft:killed_by":{"minecraft:creeper":4,"minecraft:pillager":1,"minecraft:zombie":8,"minecraft:skeleton":11,"minecraft:phantom":1},"minecraft:broken":{"minecraft:iron_shovel":2,"minecraft:stone_pickaxe":2,"minecraft:stone_shovel":1,"minecraft:shield":3,"minecraft:iron_pickaxe":2},"minecraft:mined":{"minecraft:dark_oak_planks":3,"minecraft:spruce_planks":23,"minecraft:cherry_log":23,"minecraft:cobblestone_stairs":1,"minecraft:obsidian":5,"minecraft:granite":47,"minecraft:grass_block":353,"minecraft:hopper":1,"minecraft:oxeye_daisy":2,"minecraft:spawner":2,"minecraft:tall_seagrass":2,"minecraft:magma_block":1,"minecraft:iron_ore":87,"minecraft:cobbled_deepslate":19,"minecraft:moss_carpet":1,"minecraft:fletching_table":4,"minecraft:deepslate_lapis_ore":3,"minecraft:pointed_dripstone":5,"minecraft:dirt_path":83,"minecraft:water_cauldron":4,"minecraft:oak_stairs":50,"minecraft:tripwire":2,"minecraft:orange_bed":1,"minecraft:smoker":1,"minecraft:clay":3,"minecraft:chest":4,"minecraft:mushroom_stem":1,"minecraft:glass":1,"minecraft:cobblestone":70,"minecraft:sugar_cane":7,"minecraft:oak_planks":69,"minecraft:pink_petals":2,"minecraft:yellow_wool":9,"minecraft:wheat":28,"minecraft:oak_log":18,"minecraft:sand":23,"minecraft:dirt":579,"minecraft:mangrove_log":18,"minecraft:raw_copper_block":2,"minecraft:dispenser":1,"minecraft:netherrack":6,"minecraft:oak_leaves":5,"minecraft:deepslate":296,"minecraft:tuff":104,"minecraft:mossy_cobblestone":7,"minecraft:dark_oak_leaves":2,"minecraft:deepslate_diamond_ore":48,"minecraft:oak_door":1,"minecraft:dark_oak_log":22,"minecraft:mangrove_roots":37,"minecraft:cobbled_deepslate_slab":2,"minecraft:ladder":1,"minecraft:redstone_wire":4,"minecraft:brown_mushroom_block":2,"minecraft:spruce_leaves":33,"minecraft:mangrove_propagule":2,"minecraft:moss_block":5,"minecraft:hay_block":55,"minecraft:spruce_sapling":7,"minecraft:furnace":2,"minecraft:andesite":41,"minecraft:gold_block":1,"minecraft:bell":2,"minecraft:vine":8,"minecraft:deepslate_iron_ore":31,"minecraft:rail":11,"minecraft:stone":695,"minecraft:white_wool":9,"minecraft:oak_slab":18,"minecraft:glass_pane":3,"minecraft:comparator":2,"minecraft:dandelion":1,"minecraft:oak_fence":12,"minecraft:crafting_table":10,"minecraft:short_grass":62,"minecraft:lectern":2,"minecraft:tall_grass":14,"minecraft:copper_ore":9,"minecraft:lapis_ore":7,"minecraft:diorite":22,"minecraft:spruce_log":287,"minecraft:mangrove_leaves":51,"minecraft:yellow_bed":9,"minecraft:coal_ore":21,"minecraft:cherry_leaves":8,"minecraft:gravel":1,"minecraft:dripstone_block":50,"minecraft:cobweb":9},"minecraft:picked_up":{"minecraft:wooden_axe":1,"minecraft:iron_chestplate":4,"minecraft:wheat":26,"minecraft:yellow_wool":9,"minecraft:lead":14,"minecraft:diamond_sword":5,"minecraft:oak_stairs":50,"minecraft:string":2471,"minecraft:raw_copper":23,"minecraft:iron_leggings":5,"minecraft:cobbled_deepslate":1022,"minecraft:comparator":2,"minecraft:bucket":4,"minecraft:spruce_planks":335,"minecraft:redstone_torch":2,"minecraft:cobblestone_slab":7,"minecraft:iron_pickaxe":10,"minecraft:mangrove_log":18,"minecraft:iron_boots":2,"minecraft:furnace":4,"minecraft:stick":119,"minecraft:oak_fence":44,"minecraft:torch":8,"minecraft:porkchop":29,"minecraft:cherry_log":23,"minecraft:pointed_dripstone":29,"minecraft:diorite":7,"minecraft:cauldron":4,"minecraft:orange_bed":1,"minecraft:stone_sword":8,"minecraft:rotten_flesh":234,"minecraft:mangrove_roots":36,"minecraft:obsidian":4,"minecraft:cobblestone":871,"minecraft:pink_petals":3,"minecraft:magma_block":1,"minecraft:feather":10,"minecraft:cooked_beef":7,"minecraft:water_bucket":1,"minecraft:andesite":69,"minecraft:dark_oak_boat":17,"minecraft:smoker":1,"minecraft:potato":1,"minecraft:flint":7,"minecraft:tuff":321,"minecraft:lapis_lazuli":97,"minecraft:dirt":1164,"minecraft:name_tag":1,"minecraft:glass":125,"minecraft:bone":39,"minecraft:bow":13,"minecraft:wheat_seeds":131,"minecraft:raw_gold":12,"minecraft:cobbled_deepslate_slab":22,"minecraft:bell":2,"minecraft:fletching_table":4,"minecraft:moss_block":5,"minecraft:oak_planks":114,"minecraft:cooked_porkchop":1,"minecraft:sand":22,"minecraft:dark_oak_log":25,"minecraft:mossy_cobblestone":7,"minecraft:dispenser":1,"minecraft:diamond":181,"minecraft:spruce_boat":3,"minecraft:granite":78,"minecraft:emerald":36,"minecraft:bread":273,"minecraft:oak_sapling":1,"minecraft:netherrack":30,"minecraft:diamond_pickaxe":7,"minecraft:leather_leggings":2,"minecraft:crafting_table":13,"minecraft:chicken":3,"minecraft:ladder":2,"minecraft:clay_ball":12,"minecraft:chest_minecart":3,"minecraft:brown_mushroom":1,"minecraft:wooden_pickaxe":7,"minecraft:gold_block":1,"minecraft:shield":10,"minecraft:moss_carpet":10,"minecraft:iron_axe":3,"minecraft:beef":42,"minecraft:lectern":2,"minecraft:poppy":2,"minecraft:minecart":6,"minecraft:sugar_cane":28,"minecraft:chest":4,"minecraft:phantom_membrane":1,"minecraft:raw_copper_block":6,"minecraft:egg":8,"minecraft:dark_oak_sapling":3,"minecraft:raw_iron":252,"minecraft:stone":2,"minecraft:oak_door":1,"minecraft:redstone":19,"minecraft:dark_oak_planks":20,"minecraft:arrow":46,"minecraft:stone_shovel":1,"minecraft:beetroot_seeds":14,"minecraft:shears":3,"minecraft:hay_block":91,"minecraft:glow_berries":4,"minecraft:mutton":14,"minecraft:rail":250,"minecraft:white_wool":29,"minecraft:oxeye_daisy":2,"minecraft:tripwire_hook":2,"minecraft:leather":18,"minecraft:red_mushroom":5,"minecraft:oak_log":18,"minecraft:yellow_bed":10,"minecraft:gunpowder":4,"minecraft:cobblestone_stairs":1,"minecraft:kelp":3,"minecraft:iron_ingot":224,"minecraft:stone_pickaxe":12,"minecraft:flowering_azalea":1,"minecraft:oak_slab":19,"minecraft:quartz":40,"minecraft:dripstone_block":108,"minecraft:gravel":3,"minecraft:spruce_sapling":28,"minecraft:spruce_log":292,"minecraft:spider_eye":16,"minecraft:stone_axe":8,"minecraft:iron_helmet":5,"minecraft:diamond_axe":6,"minecraft:cherry_sapling":5,"minecraft:melon_seeds":18,"minecraft:mangrove_propagule":5,"minecraft:coal":177,"minecraft:hopper":1,"minecraft:ender_pearl":3},"minecraft:custom":{"minecraft:animals_bred":7,"minecraft:interact_with_crafting_table":105,"minecraft:bell_ring":56,"minecraft:leave_game":2,"minecraft:time_since_death":36955,"minecraft:sprint_one_cm":1240810,"minecraft:damage_blocked_by_shield":7674,"minecraft:drop":72,"minecraft:talked_to_villager":79,"minecraft:play_time":736567,"minecraft:deaths":29,"minecraft:jump":12888,"minecraft:walk_on_water_one_cm":136799,"minecraft:enchant_item":2,"minecraft:interact_with_furnace":76,"minecraft:traded_with_villager":153,"minecraft:sleep_in_bed":14,"minecraft:damage_dealt":35108,"minecraft:crouch_one_cm":111175,"minecraft:interact_with_smoker":6,"minecraft:inspect_dispenser":1,"minecraft:interact_with_anvil":1,"minecraft:mob_kills":147,"minecraft:inspect_hopper":9,"minecraft:climb_one_cm":6697,"minecraft:walk_one_cm":1602889,"minecraft:sneak_time":47104,"minecraft:walk_under_water_one_cm":117916,"minecraft:boat_one_cm":649776,"minecraft:interact_with_blast_furnace":3,"minecraft:total_world_time":736567,"minecraft:interact_with_stonecutter":2,"minecraft:time_since_rest":36987,"minecraft:damage_taken":14715,"minecraft:swim_one_cm":114083,"minecraft:fly_one_cm":2132644,"minecraft:open_chest":187,"minecraft:fall_one_cm":296689}},"DataVersion":3953}