{"stats":{"minecraft:crafted":{"minecraft:mangrove_propagule":1,"minecraft:cobbled_deepslate_slab":6,"minecraft:oak_planks":40,"minecraft:tripwire_hook":2,"minecraft:dark_oak_boat":1,"minecraft:cooked_chicken":2,"minecraft:furnace":5,"minecraft:yellow_bed":2,"minecraft:bone_meal":3,"minecraft:cooked_mutton":5,"minecraft:iron_axe":1,"minecraft:ladder":3,"minecraft:stone_pickaxe":4,"minecraft:oak_button":2,"minecraft:dark_oak_planks":20,"minecraft:wheat":72,"minecraft:cooked_beef":37,"minecraft:diamond_sword":1,"minecraft:emerald":24,"minecraft:cooked_porkchop":28,"minecraft:diamond_axe":1,"minecraft:crafting_table":6,"minecraft:spruce_planks":24,"minecraft:enchanting_table":1,"minecraft:wooden_pickaxe":3,"minecraft:iron_sword":1,"minecraft:fletching_table":1,"minecraft:bucket":1,"minecraft:hay_block":2,"minecraft:stone_axe":3,"minecraft:bread":24,"minecraft:air":0,"minecraft:iron_chestplate":1,"minecraft:book":1,"minecraft:diamond_pickaxe":1,"minecraft:shield":2,"minecraft:stick":52,"minecraft:iron_ingot":29,"minecraft:iron_pickaxe":3,"minecraft:stone_sword":2,"minecraft:iron_shovel":1,"minecraft:shears":1},"minecraft:dropped":{"minecraft:water_bucket":2,"minecraft:oak_slab":1,"minecraft:moss_block":4,"minecraft:cooked_beef":16,"minecraft:cherry_log":23,"minecraft:dark_oak_sapling":1,"minecraft:cooked_porkchop":8,"minecraft:oak_fence":9,"minecraft:cobblestone":1,"minecraft:granite":3,"minecraft:stick":2,"minecraft:oxeye_daisy":2,"minecraft:dirt":10,"minecraft:iron_axe":1,"minecraft:iron_pickaxe":2,"minecraft:string":6,"minecraft:tripwire_hook":4,"minecraft:stone_axe":2,"minecraft:moss_carpet":5,"minecraft:cooked_chicken":1,"minecraft:pointed_dripstone":2,"minecraft:raw_iron":38,"minecraft:stone_shovel":1,"minecraft:rotten_flesh":2,"minecraft:shears":2,"minecraft:poppy":1,"minecraft:shield":2,"minecraft:andesite":1,"minecraft:ladder":2,"minecraft:spider_eye":3,"minecraft:spruce_log":6,"minecraft:arrow":1,"minecraft:wooden_pickaxe":1},"minecraft:mined":{"minecraft:tuff":86,"minecraft:mossy_cobblestone":3,"minecraft:dark_oak_leaves":2,"minecraft:deepslate_diamond_ore":36,"minecraft:cherry_log":23,"minecraft:dark_oak_log":5,"minecraft:obsidian":4,"minecraft:ladder":1,"minecraft:granite":13,"minecraft:cobbled_deepslate_slab":1,"minecraft:grass_block":88,"minecraft:brown_mushroom_block":2,"minecraft:spruce_leaves":33,"minecraft:mangrove_propagule":1,"minecraft:moss_block":5,"minecraft:oxeye_daisy":2,"minecraft:spawner":2,"minecraft:hay_block":55,"minecraft:magma_block":1,"minecraft:spruce_sapling":7,"minecraft:furnace":2,"minecraft:iron_ore":71,"minecraft:cobbled_deepslate":19,"minecraft:andesite":6,"minecraft:fletching_table":1,"minecraft:gold_block":1,"minecraft:bell":2,"minecraft:pointed_dripstone":3,"minecraft:deepslate_iron_ore":7,"minecraft:water_cauldron":4,"minecraft:dirt_path":72,"minecraft:rail":2,"minecraft:stone":179,"minecraft:white_wool":9,"minecraft:orange_bed":1,"minecraft:oak_slab":12,"minecraft:smoker":1,"minecraft:dandelion":1,"minecraft:crafting_table":9,"minecraft:oak_fence":11,"minecraft:clay":3,"minecraft:short_grass":33,"minecraft:chest":2,"minecraft:mushroom_stem":1,"minecraft:cobblestone":11,"minecraft:lapis_ore":2,"minecraft:oak_planks":33,"minecraft:sugar_cane":5,"minecraft:diorite":5,"minecraft:pink_petals":2,"minecraft:yellow_wool":9,"minecraft:wheat":28,"minecraft:spruce_log":188,"minecraft:yellow_bed":7,"minecraft:oak_log":10,"minecraft:coal_ore":3,"minecraft:cherry_leaves":8,"minecraft:dripstone_block":13,"minecraft:dirt":40,"minecraft:cobweb":8,"minecraft:oak_leaves":2,"minecraft:deepslate":257},"minecraft:picked_up":{"minecraft:wooden_axe":1,"minecraft:lead":2,"minecraft:crafting_table":10,"minecraft:wheat":26,"minecraft:chicken":2,"minecraft:ladder":2,"minecraft:clay_ball":12,"minecraft:yellow_wool":9,"minecraft:brown_mushroom":1,"minecraft:wooden_pickaxe":7,"minecraft:gold_block":1,"minecraft:shield":6,"minecraft:string":724,"minecraft:moss_carpet":5,"minecraft:iron_axe":1,"minecraft:cobbled_deepslate":919,"minecraft:spruce_planks":84,"minecraft:beef":39,"minecraft:poppy":2,"minecraft:iron_pickaxe":8,"minecraft:minecart":3,"minecraft:sugar_cane":15,"minecraft:chest":2,"minecraft:furnace":2,"minecraft:dark_oak_sapling":3,"minecraft:raw_iron":132,"minecraft:stick":83,"minecraft:oak_fence":40,"minecraft:torch":5,"minecraft:porkchop":28,"minecraft:cherry_log":23,"minecraft:pointed_dripstone":11,"minecraft:diorite":5,"minecraft:cauldron":4,"minecraft:dark_oak_planks":11,"minecraft:orange_bed":1,"minecraft:stone_shovel":1,"minecraft:arrow":17,"minecraft:rotten_flesh":143,"minecraft:stone_sword":8,"minecraft:beetroot_seeds":6,"minecraft:shears":1,"minecraft:hay_block":55,"minecraft:obsidian":4,"minecraft:glow_berries":4,"minecraft:mutton":7,"minecraft:white_wool":17,"minecraft:rail":2,"minecraft:cobblestone":198,"minecraft:oxeye_daisy":2,"minecraft:pink_petals":2,"minecraft:magma_block":1,"minecraft:cooked_beef":7,"minecraft:tripwire_hook":2,"minecraft:water_bucket":1,"minecraft:andesite":6,"minecraft:leather":13,"minecraft:dark_oak_boat":4,"minecraft:smoker":1,"minecraft:red_mushroom":5,"minecraft:potato":1,"minecraft:flint":4,"minecraft:tuff":271,"minecraft:oak_log":10,"minecraft:yellow_bed":8,"minecraft:lapis_lazuli":13,"minecraft:dirt":349,"minecraft:bone":21,"minecraft:bow":2,"minecraft:wheat_seeds":75,"minecraft:raw_gold":12,"minecraft:cobbled_deepslate_slab":21,"minecraft:bell":2,"minecraft:iron_ingot":19,"minecraft:stone_pickaxe":7,"minecraft:fletching_table":1,"minecraft:moss_block":5,"minecraft:oak_planks":55,"minecraft:flowering_azalea":1,"minecraft:oak_slab":13,"minecraft:cooked_porkchop":1,"minecraft:dripstone_block":27,"minecraft:gravel":3,"minecraft:spruce_sapling":25,"minecraft:spruce_log":194,"minecraft:dark_oak_log":5,"minecraft:spider_eye":11,"minecraft:mossy_cobblestone":3,"minecraft:diamond":145,"minecraft:stone_axe":8,"minecraft:granite":19,"minecraft:cherry_sapling":5,"minecraft:bread":70,"minecraft:mangrove_propagule":1,"minecraft:oak_sapling":1,"minecraft:melon_seeds":14,"minecraft:coal":125},"minecraft:killed":{"minecraft:armadillo":1,"minecraft:spider":4,"minecraft:skeleton":9,"minecraft:iron_golem":1,"minecraft:wandering_trader":1,"minecraft:creeper":1,"minecraft:sheep":2,"minecraft:trader_llama":2,"minecraft:zombie":34,"minecraft:cow":10},"minecraft:custom":{"minecraft:mob_kills":67,"minecraft:interact_with_crafting_table":53,"minecraft:bell_ring":55,"minecraft:leave_game":1,"minecraft:time_since_death":65143,"minecraft:climb_one_cm":2124,"minecraft:sprint_one_cm":731049,"minecraft:walk_one_cm":676723,"minecraft:damage_blocked_by_shield":4285,"minecraft:drop":48,"minecraft:talked_to_villager":15,"minecraft:play_time":320392,"minecraft:sneak_time":26310,"minecraft:deaths":15,"minecraft:walk_under_water_one_cm":37391,"minecraft:boat_one_cm":124932,"minecraft:jump":7478,"minecraft:walk_on_water_one_cm":53656,"minecraft:enchant_item":2,"minecraft:total_world_time":320392,"minecraft:interact_with_furnace":37,"minecraft:traded_with_villager":25,"minecraft:sleep_in_bed":10,"minecraft:time_since_rest":28055,"minecraft:damage_taken":7591,"minecraft:damage_dealt":12590,"minecraft:swim_one_cm":94970,"minecraft:fly_one_cm":1288253,"minecraft:open_chest":47,"minecraft:crouch_one_cm":62944,"minecraft:interact_with_smoker":1,"minecraft:fall_one_cm":196341},"minecraft:used":{"minecraft:moss_block":1,"minecraft:oak_fence":31,"minecraft:cherry_sapling":5,"minecraft:enchanting_table":1,"minecraft:stone_sword":92,"minecraft:iron_shovel":192,"minecraft:ladder":3,"minecraft:chest":2,"minecraft:shield":92,"minecraft:iron_sword":28,"minecraft:bell":1,"minecraft:cooked_chicken":1,"minecraft:iron_chestplate":1,"minecraft:orange_bed":1,"minecraft:torch":5,"minecraft:dirt":63,"minecraft:mutton":2,"minecraft:tuff":46,"minecraft:granite":3,"minecraft:iron_axe":197,"minecraft:dark_oak_boat":3,"minecraft:beef":2,"minecraft:furnace":7,"minecraft:oak_sapling":1,"minecraft:minecart":3,"minecraft:cooked_beef":9,"minecraft:cobbled_deepslate":141,"minecraft:pointed_dripstone":2,"minecraft:cooked_mutton":4,"minecraft:diorite":4,"minecraft:stone_pickaxe":384,"minecraft:oak_planks":3,"minecraft:wooden_pickaxe":56,"minecraft:diamond_axe":177,"minecraft:fletching_table":2,"minecraft:glow_berries":4,"minecraft:mossy_cobblestone":2,"minecraft:crafting_table":14,"minecraft:dripstone_block":9,"minecraft:smoker":1,"minecraft:shears":13,"minecraft:spruce_log":2,"minecraft:diamond_pickaxe":4,"minecraft:mangrove_propagule":2,"minecraft:bread":29,"minecraft:string":1,"minecraft:iron_pickaxe":366,"minecraft:spruce_sapling":21,"minecraft:stone_axe":51,"minecraft:pink_petals":2,"minecraft:diamond_sword":19,"minecraft:cobblestone":30,"minecraft:cobbled_deepslate_slab":4,"minecraft:cooked_porkchop":18,"minecraft:bucket":1,"minecraft:andesite":5,"minecraft:yellow_bed":10,"minecraft:bone_meal":3},"minecraft:broken":{"minecraft:stone_pickaxe":1,"minecraft:shield":2},"minecraft:killed_by":{"minecraft:creeper":2,"minecraft:skeleton":6,"minecraft:zombie":6}},"DataVersion":3953}