{"stats":{"minecraft:broken":{"minecraft:iron_shovel":3,"minecraft:stone_pickaxe":2,"minecraft:stone_shovel":1,"minecraft:shield":3,"minecraft:iron_pickaxe":2},"minecraft:used":{"minecraft:moss_block":1,"minecraft:cherry_sapling":5,"minecraft:iron_shovel":959,"minecraft:oak_sign":3,"minecraft:dispenser":2,"minecraft:spruce_slab":22,"minecraft:ladder":4,"minecraft:chest":25,"minecraft:shield":223,"minecraft:iron_sword":28,"minecraft:bell":2,"minecraft:rotten_flesh":26,"minecraft:iron_chestplate":3,"minecraft:mutton":3,"minecraft:deepslate_tile_slab":65,"minecraft:tuff":54,"minecraft:honey_bottle":2,"minecraft:spruce_boat":3,"minecraft:glass":12,"minecraft:lava_bucket":1,"minecraft:grass_block":1,"minecraft:lantern":12,"minecraft:iron_helmet":2,"minecraft:item_frame":2,"minecraft:repeater":20,"minecraft:bow":94,"minecraft:dark_oak_boat":20,"minecraft:ominous_bottle":2,"minecraft:oak_sapling":1,"minecraft:blue_shulker_box":4,"minecraft:furnace":41,"minecraft:egg":88,"minecraft:diorite":5,"minecraft:diamond_boots":2,"minecraft:stone_pickaxe":530,"minecraft:blackstone":1,"minecraft:oak_planks":7,"minecraft:wooden_pickaxe":56,"minecraft:diamond_axe":862,"minecraft:sugar_cane":25,"minecraft:glow_berries":4,"minecraft:golden_apple":4,"minecraft:blast_furnace":4,"minecraft:crossbow":2,"minecraft:dripstone_block":11,"minecraft:shears":13,"minecraft:deepslate_tiles":140,"minecraft:lever":8,"minecraft:dark_oak_log":1,"minecraft:string":18,"minecraft:bread":151,"minecraft:lectern":26,"minecraft:gravel":54,"minecraft:diamond_sword":1387,"minecraft:smithing_table":1,"minecraft:andesite":22,"minecraft:bone_meal":3,"minecraft:stone_sword":92,"minecraft:enchanting_table":1,"minecraft:oak_fence":31,"minecraft:stone_shovel":131,"minecraft:redstone":87,"minecraft:spruce_planks":170,"minecraft:netherrack":144,"minecraft:cooked_chicken":58,"minecraft:trial_key":4,"minecraft:orange_bed":1,"minecraft:torch":153,"minecraft:brewing_stand":5,"minecraft:dirt":449,"minecraft:anvil":9,"minecraft:white_carpet":9,"minecraft:hopper":8,"minecraft:granite":68,"minecraft:shulker_box":16,"minecraft:spruce_stairs":12,"minecraft:spruce_fence":2,"minecraft:diamond_helmet":1,"minecraft:dark_oak_planks":5,"minecraft:bookshelf":6,"minecraft:iron_axe":206,"minecraft:bamboo_hanging_sign":1,"minecraft:iron_boots":1,"minecraft:beef":2,"minecraft:golden_carrot":2,"minecraft:iron_trapdoor":3,"minecraft:minecart":5,"minecraft:cooked_beef":17,"minecraft:cobbled_deepslate":783,"minecraft:iron_leggings":4,"minecraft:pointed_dripstone":2,"minecraft:cobbled_deepslate_wall":3,"minecraft:cooked_mutton":40,"minecraft:water_bucket":36,"minecraft:cobblestone_stairs":1,"minecraft:cartography_table":2,"minecraft:stonecutter":2,"minecraft:spruce_fence_gate":1,"minecraft:fletching_table":11,"minecraft:cobblestone_slab":13,"minecraft:deepslate_bricks":184,"minecraft:mossy_cobblestone":2,"minecraft:rail":1,"minecraft:comparator":11,"minecraft:crafting_table":32,"minecraft:white_bed":4,"minecraft:smoker":1,"minecraft:spruce_log":5,"minecraft:diamond_pickaxe":9359,"minecraft:cornflower":1,"minecraft:ominous_trial_key":2,"minecraft:chicken":1,"minecraft:wind_charge":6,"minecraft:mangrove_propagule":3,"minecraft:iron_pickaxe":1077,"minecraft:map":2,"minecraft:spruce_trapdoor":11,"minecraft:spruce_sapling":24,"minecraft:stone_axe":67,"minecraft:pink_petals":3,"minecraft:cobblestone":551,"minecraft:cobbled_deepslate_slab":12,"minecraft:porkchop":2,"minecraft:white_banner":1,"minecraft:cooked_porkchop":18,"minecraft:bucket":40,"minecraft:glass_pane":15,"minecraft:yellow_bed":14,"minecraft:diamond_leggings":1,"minecraft:kelp":10},"minecraft:killed_by":{"minecraft:creeper":4,"minecraft:pillager":1,"minecraft:zombie":8,"minecraft:skeleton":11,"minecraft:phantom":1},"minecraft:custom":{"minecraft:animals_bred":7,"minecraft:interact_with_crafting_table":173,"minecraft:open_barrel":14,"minecraft:open_shulker_box":38,"minecraft:bell_ring":56,"minecraft:leave_game":5,"minecraft:time_since_death":1054436,"minecraft:sprint_one_cm":2473696,"minecraft:damage_blocked_by_shield":11119,"minecraft:drop":252,"minecraft:talked_to_villager":472,"minecraft:play_time":1754048,"minecraft:deaths":29,"minecraft:jump":22043,"minecraft:walk_on_water_one_cm":221294,"minecraft:enchant_item":2,"minecraft:interact_with_furnace":108,"minecraft:traded_with_villager":1268,"minecraft:interact_with_cartography_table":1,"minecraft:sleep_in_bed":29,"minecraft:damage_dealt":100529,"minecraft:crouch_one_cm":239743,"minecraft:interact_with_smoker":6,"minecraft:inspect_dispenser":21,"minecraft:interact_with_smithing_table":1,"minecraft:interact_with_anvil":20,"minecraft:mob_kills":831,"minecraft:inspect_hopper":38,"minecraft:climb_one_cm":25081,"minecraft:walk_one_cm":3846718,"minecraft:raid_win":1,"minecraft:sneak_time":81331,"minecraft:walk_under_water_one_cm":185011,"minecraft:boat_one_cm":649776,"minecraft:interact_with_blast_furnace":3,"minecraft:total_world_time":1754048,"minecraft:raid_trigger":1,"minecraft:interact_with_stonecutter":6,"minecraft:time_since_rest":13617,"minecraft:damage_taken":22670,"minecraft:damage_absorbed":135,"minecraft:swim_one_cm":149250,"minecraft:fly_one_cm":3572518,"minecraft:open_chest":465,"minecraft:fall_one_cm":433627},"minecraft:crafted":{"minecraft:oak_planks":64,"minecraft:cobblestone_slab":12,"minecraft:oak_sign":6,"minecraft:dark_oak_boat":6,"minecraft:cooked_chicken":3,"minecraft:stone":16,"minecraft:bookshelf":6,"minecraft:cooked_mutton":38,"minecraft:shulker_box":1,"minecraft:quartz_block":155,"minecraft:glass":22,"minecraft:hopper":7,"minecraft:diamond_helmet":2,"minecraft:repeater":2,"minecraft:diamond_leggings":1,"minecraft:bow":20,"minecraft:iron_boots":11,"minecraft:comparator":1,"minecraft:chest":28,"minecraft:oak_button":2,"minecraft:rail":64,"minecraft:raw_iron_block":7,"minecraft:item_frame":2,"minecraft:emerald":1590,"minecraft:arrow":64,"minecraft:cooked_porkchop":28,"minecraft:diamond_axe":2,"minecraft:map":12,"minecraft:crafting_table":16,"minecraft:spruce_planks":924,"minecraft:kelp":2,"minecraft:wooden_pickaxe":3,"minecraft:iron_helmet":1,"minecraft:cobbled_deepslate_wall":6,"minecraft:fletching_table":3,"minecraft:hay_block":2,"minecraft:dispenser":1,"minecraft:spruce_trapdoor":16,"minecraft:iron_chestplate":2,"minecraft:book":10,"minecraft:paper":285,"minecraft:diamond_pickaxe":2,"minecraft:emerald_block":68,"minecraft:shield":6,"minecraft:stick":1216,"minecraft:iron_ingot":127,"minecraft:compass":9,"minecraft:iron_pickaxe":5,"minecraft:iron_block":144,"minecraft:stone_sword":2,"minecraft:gold_ingot":79,"minecraft:redstone_torch":8,"minecraft:spruce_fence_gate":1,"minecraft:shears":2,"minecraft:cobbled_deepslate_slab":12,"minecraft:coal":9,"minecraft:mangrove_propagule":1,"minecraft:redstone":38,"minecraft:stone_shovel":1,"minecraft:tripwire_hook":2,"minecraft:furnace":35,"minecraft:yellow_bed":2,"minecraft:bone_meal":3,"minecraft:blue_shulker_box":1,"minecraft:spruce_fence":3,"minecraft:white_carpet":12,"minecraft:glass_pane":16,"minecraft:spruce_stairs":12,"minecraft:iron_axe":2,"minecraft:ladder":3,"minecraft:spruce_slab":60,"minecraft:stone_pickaxe":5,"minecraft:diamond_boots":1,"minecraft:redstone_block":8,"minecraft:dark_oak_planks":92,"minecraft:minecart":1,"minecraft:wheat":351,"minecraft:cooked_beef":41,"minecraft:coal_block":10,"minecraft:diamond_sword":2,"minecraft:iron_trapdoor":3,"minecraft:enchanting_table":1,"minecraft:iron_sword":1,"minecraft:mangrove_planks":72,"minecraft:bucket":3,"minecraft:stone_axe":3,"minecraft:glowstone":8,"minecraft:enchanted_book":26,"minecraft:air":0,"minecraft:bread":151,"minecraft:blue_dye":1,"minecraft:iron_shovel":4,"minecraft:iron_leggings":1,"minecraft:stonecutter":2,"minecraft:anvil":2,"minecraft:white_bed":1,"minecraft:torch":96,"minecraft:lapis_lazuli":12,"minecraft:lapis_block":19,"minecraft:diamond_chestplate":2},"minecraft:killed":{"minecraft:cave_spider":259,"minecraft:witch":6,"minecraft:spider":57,"minecraft:skeleton":43,"minecraft:chicken":8,"minecraft:silverfish":5,"minecraft:pig":2,"minecraft:zombie_villager":3,"minecraft:iron_golem":10,"minecraft:creeper":16,"minecraft:sheep":9,"minecraft:trader_llama":7,"minecraft:pillager":32,"minecraft:zombie":128,"minecraft:stray":29,"minecraft:cow":17,"minecraft:evoker":8,"minecraft:vex":9,"minecraft:armadillo":1,"minecraft:vindicator":25,"minecraft:slime":83,"minecraft:phantom":2,"minecraft:wandering_trader":2,"minecraft:ravager":5,"minecraft:breeze":8,"minecraft:villager":1,"minecraft:enderman":2},"minecraft:picked_up":{"minecraft:shulker_shell":2,"minecraft:iron_chestplate":4,"minecraft:wheat":26,"minecraft:chainmail_boots":1,"minecraft:anvil":7,"minecraft:yellow_wool":9,"minecraft:smithing_table":1,"minecraft:lead":16,"minecraft:diamond_sword":5,"minecraft:oak_stairs":50,"minecraft:enchanted_book":3,"minecraft:potion":4,"minecraft:brewing_stand":8,"minecraft:soul_soil":6,"minecraft:string":3951,"minecraft:raw_copper":90,"minecraft:iron_leggings":5,"minecraft:deepslate_tiles":4,"minecraft:gold_nugget":692,"minecraft:cobbled_deepslate":2230,"minecraft:comparator":10,"minecraft:bucket":4,"minecraft:spruce_planks":398,"minecraft:trial_key":4,"minecraft:redstone_torch":2,"minecraft:cobblestone_slab":29,"minecraft:ender_eye":1,"minecraft:iron_pickaxe":10,"minecraft:mangrove_log":18,"minecraft:iron_boots":2,"minecraft:furnace":12,"minecraft:golden_helmet":1,"minecraft:tipped_arrow":31,"minecraft:stick":125,"minecraft:oak_fence":73,"minecraft:torch":34,"minecraft:green_bed":1,"minecraft:porkchop":31,"minecraft:cherry_log":23,"minecraft:pointed_dripstone":47,"minecraft:waxed_copper_grate":1,"minecraft:diorite":26,"minecraft:cauldron":4,"minecraft:orange_bed":1,"minecraft:stone_sword":8,"minecraft:honey_bottle":2,"minecraft:rotten_flesh":341,"minecraft:mangrove_roots":36,"minecraft:obsidian":12,"minecraft:cobblestone":2284,"minecraft:pink_petals":7,"minecraft:magma_block":37,"minecraft:leather_chestplate":1,"minecraft:feather":12,"minecraft:cooked_beef":11,"minecraft:repeater":18,"minecraft:water_bucket":1,"minecraft:andesite":177,"minecraft:golden_leggings":2,"minecraft:dark_oak_boat":18,"minecraft:smoker":1,"minecraft:potato":1,"minecraft:tuff":484,"minecraft:flint":68,"minecraft:lapis_lazuli":321,"minecraft:dirt":1264,"minecraft:lantern":15,"minecraft:name_tag":1,"minecraft:leather_boots":2,"minecraft:glass":125,"minecraft:bone":86,"minecraft:bow":21,"minecraft:cobbled_deepslate_wall":3,"minecraft:wheat_seeds":169,"minecraft:raw_gold":12,"minecraft:cobbled_deepslate_slab":25,"minecraft:bell":3,"minecraft:grindstone":1,"minecraft:bolt_armor_trim_smithing_template":1,"minecraft:fletching_table":8,"minecraft:glowstone_dust":4,"minecraft:moss_block":5,"minecraft:scrape_pottery_sherd":1,"minecraft:oak_planks":216,"minecraft:cooked_porkchop":1,"minecraft:sand":22,"minecraft:grass_block":3,"minecraft:dark_oak_log":25,"minecraft:shulker_box":16,"minecraft:mossy_cobblestone":14,"minecraft:dispenser":1,"minecraft:sugar":1,"minecraft:clay":2,"minecraft:diamond":264,"minecraft:spruce_boat":3,"minecraft:lever":8,"minecraft:breeze_rod":12,"minecraft:crossbow":2,"minecraft:granite":324,"minecraft:bread":276,"minecraft:emerald":99,"minecraft:oak_sapling":1,"minecraft:netherrack":2992,"minecraft:ominous_trial_key":2,"minecraft:diamond_pickaxe":7,"minecraft:crafting_table":22,"minecraft:chicken":4,"minecraft:chest_minecart":3,"minecraft:ladder":3,"minecraft:ominous_bottle":2,"minecraft:leather_leggings":3,"minecraft:brown_mushroom":1,"minecraft:clay_ball":12,"minecraft:wooden_pickaxe":7,"minecraft:gold_block":1,"minecraft:shield":15,"minecraft:brick":34,"minecraft:wind_charge":24,"minecraft:cornflower":2,"minecraft:flow_banner_pattern":1,"minecraft:moss_carpet":10,"minecraft:iron_axe":6,"minecraft:iron_shovel":1,"minecraft:blackstone":31,"minecraft:cartography_table":1,"minecraft:beef":53,"minecraft:minecart":6,"minecraft:chiseled_tuff":1,"minecraft:spruce_slab":3,"minecraft:guster_pottery_sherd":3,"minecraft:lectern":26,"minecraft:poppy":2,"minecraft:chest":6,"minecraft:sugar_cane":323,"minecraft:blue_shulker_box":3,"minecraft:spruce_trapdoor":7,"minecraft:phantom_membrane":4,"minecraft:raw_copper_block":6,"minecraft:egg":184,"minecraft:dark_oak_sapling":3,"minecraft:raw_iron":335,"minecraft:stone":2,"minecraft:oak_door":2,"minecraft:flow_pottery_sherd":1,"minecraft:redstone":237,"minecraft:dark_oak_planks":20,"minecraft:arrow":149,"minecraft:diamond_chestplate":1,"minecraft:stone_shovel":1,"minecraft:decorated_pot":9,"minecraft:beetroot_seeds":14,"minecraft:shears":3,"minecraft:deepslate_bricks":38,"minecraft:hay_block":91,"minecraft:flow_armor_trim_smithing_template":1,"minecraft:saddle":2,"minecraft:totem_of_undying":8,"minecraft:tuff_bricks":9,"minecraft:glow_berries":4,"minecraft:mutton":25,"minecraft:bone_block":29,"minecraft:white_wool":30,"minecraft:rail":262,"minecraft:oxeye_daisy":2,"minecraft:golden_carrot":2,"minecraft:tripwire_hook":2,"minecraft:leather":28,"minecraft:red_mushroom":5,"minecraft:oak_log":21,"minecraft:chainmail_chestplate":2,"minecraft:waxed_copper_block":6,"minecraft:ancient_debris":2,"minecraft:golden_boots":2,"minecraft:yellow_bed":10,"minecraft:gunpowder":18,"minecraft:cobblestone_stairs":2,"minecraft:deepslate_tile_slab":18,"minecraft:blue_bed":1,"minecraft:paper":8,"minecraft:white_banner":8,"minecraft:cooked_mutton":2,"minecraft:kelp":11,"minecraft:stone_pickaxe":12,"minecraft:iron_ingot":239,"minecraft:cooked_chicken":2,"minecraft:glass_bottle":3,"minecraft:flowering_azalea":1,"minecraft:soul_sand":8,"minecraft:book":18,"minecraft:oak_slab":19,"minecraft:quartz":670,"minecraft:dripstone_block":122,"minecraft:gravel":245,"minecraft:amethyst_shard":12,"minecraft:spruce_sapling":30,"minecraft:blast_furnace":3,"minecraft:white_bed":3,"minecraft:spruce_log":356,"minecraft:polished_tuff":1,"minecraft:spider_eye":65,"minecraft:leather_helmet":1,"minecraft:slime_ball":72,"minecraft:stone_axe":8,"minecraft:iron_helmet":6,"minecraft:diamond_axe":6,"minecraft:cherry_sapling":5,"minecraft:gray_wool":1,"minecraft:baked_potato":5,"minecraft:melon_seeds":18,"minecraft:black_wool":1,"minecraft:coal":311,"minecraft:chiseled_tuff_bricks":1,"minecraft:mangrove_propagule":5,"minecraft:hopper":1,"minecraft:wooden_axe":1,"minecraft:ender_pearl":3},"minecraft:dropped":{"minecraft:clay":1,"minecraft:soul_sand":4,"minecraft:moss_block":4,"minecraft:cooked_beef":16,"minecraft:crafting_table":1,"minecraft:dark_oak_sapling":1,"minecraft:cooked_porkchop":8,"minecraft:rail":64,"minecraft:leather_helmet":1,"minecraft:dirt":27,"minecraft:sugar":1,"minecraft:iron_pickaxe":2,"minecraft:bone":2,"minecraft:gravel":12,"minecraft:cooked_chicken":1,"minecraft:stone_axe":2,"minecraft:blackstone":16,"minecraft:sugar_cane":2,"minecraft:cobbled_deepslate":3,"minecraft:chiseled_tuff_bricks":1,"minecraft:pointed_dripstone":11,"minecraft:rotten_flesh":28,"minecraft:oak_planks":1,"minecraft:waxed_copper_block":6,"minecraft:chainmail_chestplate":2,"minecraft:poppy":1,"minecraft:leather_chestplate":1,"minecraft:gunpowder":3,"minecraft:ladder":2,"minecraft:chest":1,"minecraft:leather_boots":1,"minecraft:chainmail_boots":1,"minecraft:leather_leggings":1,"minecraft:arrow":18,"minecraft:chiseled_tuff":1,"minecraft:bread":2,"minecraft:netherrack":2560,"minecraft:oak_slab":1,"minecraft:cherry_log":23,"minecraft:enchanted_book":6,"minecraft:egg":20,"minecraft:wheat_seeds":13,"minecraft:golden_helmet":1,"minecraft:water_bucket":2,"minecraft:golden_boots":2,"minecraft:mossy_cobblestone":7,"minecraft:dripstone_block":9,"minecraft:cobbled_deepslate_wall":3,"minecraft:oak_fence":16,"minecraft:cobblestone":96,"minecraft:polished_tuff":1,"minecraft:waxed_copper_grate":1,"minecraft:grass_block":2,"minecraft:granite":54,"minecraft:coal":1,"minecraft:stick":2,"minecraft:oxeye_daisy":2,"minecraft:diorite":20,"minecraft:brewing_stand":3,"minecraft:diamond_helmet":1,"minecraft:iron_axe":1,"minecraft:spruce_sapling":2,"minecraft:iron_shovel":1,"minecraft:string":12,"minecraft:pink_petals":4,"minecraft:tripwire_hook":4,"minecraft:redstone":28,"minecraft:furnace":1,"minecraft:moss_carpet":5,"minecraft:tuff_bricks":7,"minecraft:stone_shovel":1,"minecraft:raw_iron":41,"minecraft:tuff":3,"minecraft:name_tag":1,"minecraft:cobbled_deepslate_slab":2,"minecraft:shears":2,"minecraft:deepslate_bricks":2,"minecraft:stone":1,"minecraft:shield":5,"minecraft:diamond_chestplate":1,"minecraft:spruce_planks":36,"minecraft:diamond_pickaxe":2,"minecraft:andesite":24,"minecraft:golden_leggings":1,"minecraft:spider_eye":15,"minecraft:spruce_log":6,"minecraft:bow":14,"minecraft:wooden_pickaxe":1,"minecraft:magma_block":2,"minecraft:brick":34},"minecraft:mined":{"minecraft:dark_oak_planks":3,"minecraft:large_amethyst_bud":2,"minecraft:spruce_planks":55,"minecraft:white_bed":3,"minecraft:cobblestone_stairs":2,"minecraft:cherry_log":23,"minecraft:sculk_vein":1,"minecraft:brewing_stand":5,"minecraft:obsidian":5,"minecraft:spruce_trapdoor":6,"minecraft:granite":314,"minecraft:grass_block":360,"minecraft:soul_soil":15,"minecraft:deepslate_bricks":38,"minecraft:chiseled_tuff_bricks":1,"minecraft:hopper":1,"minecraft:oxeye_daisy":3,"minecraft:tuff_bricks":13,"minecraft:spawner":3,"minecraft:tall_seagrass":3,"minecraft:magma_block":47,"minecraft:iron_ore":135,"minecraft:cobbled_deepslate":133,"minecraft:polished_tuff":1,"minecraft:moss_carpet":1,"minecraft:anvil":7,"minecraft:fletching_table":8,"minecraft:deepslate_lapis_ore":10,"minecraft:sculk_shrieker":7,"minecraft:pointed_dripstone":15,"minecraft:dirt_path":83,"minecraft:water_cauldron":4,"minecraft:oak_stairs":50,"minecraft:spruce_slab":3,"minecraft:green_bed":1,"minecraft:tripwire":16,"minecraft:orange_bed":1,"minecraft:deepslate_redstone_ore":10,"minecraft:blackstone":46,"minecraft:kelp_plant":1,"minecraft:smoker":1,"minecraft:deepslate_tile_slab":17,"minecraft:soul_fire":1,"minecraft:amethyst_cluster":2,"minecraft:clay":3,"minecraft:torch":11,"minecraft:blast_furnace":2,"minecraft:calcite":11,"minecraft:chest":5,"minecraft:mushroom_stem":1,"minecraft:glass":10,"minecraft:nether_quartz_ore":332,"minecraft:cobblestone":208,"minecraft:sugar_cane":159,"minecraft:oak_planks":173,"minecraft:wall_torch":12,"minecraft:amethyst_block":5,"minecraft:pink_petals":4,"minecraft:repeater":17,"minecraft:yellow_wool":9,"minecraft:wheat":28,"minecraft:waxed_copper_block":6,"minecraft:oak_log":21,"minecraft:waxed_oxidized_copper":1,"minecraft:sand":23,"minecraft:dirt":660,"minecraft:mangrove_log":18,"minecraft:smooth_basalt":3,"minecraft:blue_shulker_box":3,"minecraft:raw_copper_block":2,"minecraft:dispenser":1,"minecraft:netherrack":4035,"minecraft:ancient_debris":2,"minecraft:oak_leaves":5,"minecraft:deepslate":1620,"minecraft:nether_gold_ore":91,"minecraft:deepslate_tiles":4,"minecraft:tuff":299,"minecraft:mossy_cobblestone":15,"minecraft:dark_oak_leaves":2,"minecraft:deepslate_diamond_ore":81,"minecraft:oak_door":1,"minecraft:dark_oak_log":22,"minecraft:mangrove_roots":37,"minecraft:shulker_box":14,"minecraft:lever":8,"minecraft:ladder":1,"minecraft:cobbled_deepslate_slab":5,"minecraft:decorated_pot":19,"minecraft:redstone_wire":75,"minecraft:brown_mushroom_block":2,"minecraft:spruce_leaves":33,"minecraft:cartography_table":1,"minecraft:moss_block":7,"minecraft:kelp":1,"minecraft:mangrove_propagule":2,"minecraft:hay_block":55,"minecraft:redstone_ore":6,"minecraft:furnace":9,"minecraft:spruce_sapling":7,"minecraft:waxed_copper_grate":2,"minecraft:andesite":265,"minecraft:gold_block":1,"minecraft:chiseled_tuff":1,"minecraft:bell":2,"minecraft:bookshelf":6,"minecraft:deepslate_iron_ore":35,"minecraft:cobblestone_slab":22,"minecraft:vine":8,"minecraft:rail":19,"minecraft:lantern":7,"minecraft:stone":2415,"minecraft:bone_block":35,"minecraft:white_wool":9,"minecraft:oak_slab":18,"minecraft:glass_pane":3,"minecraft:comparator":9,"minecraft:soul_sand":9,"minecraft:dandelion":1,"minecraft:oak_fence":34,"minecraft:crafting_table":19,"minecraft:cornflower":2,"minecraft:short_grass":79,"minecraft:lectern":25,"minecraft:tall_grass":25,"minecraft:copper_ore":21,"minecraft:deepslate_coal_ore":3,"minecraft:lapis_ore":27,"minecraft:sculk":2,"minecraft:diorite":178,"minecraft:blue_bed":1,"minecraft:waxed_oxidized_copper_grate":4,"minecraft:spruce_log":287,"minecraft:mangrove_leaves":51,"minecraft:yellow_bed":9,"minecraft:coal_ore":65,"minecraft:cherry_leaves":8,"minecraft:gravel":350,"minecraft:dripstone_block":67,"minecraft:cobweb":127}},"DataVersion":3953}