{"stats":{"minecraft:mined":{"minecraft:magma_block":1,"minecraft:iron_ore":33,"minecraft:andesite":4,"minecraft:clay":3,"minecraft:crafting_table":1,"minecraft:granite":3,"minecraft:short_grass":2,"minecraft:oak_log":5,"minecraft:coal_ore":3,"minecraft:stone":34,"minecraft:moss_block":5,"minecraft:diorite":4,"minecraft:oak_leaves":1},"minecraft:custom":{"minecraft:time_since_rest":14169,"minecraft:interact_with_furnace":2,"minecraft:sprint_one_cm":22649,"minecraft:damage_taken":150,"minecraft:walk_one_cm":24000,"minecraft:mob_kills":6,"minecraft:damage_dealt":584,"minecraft:swim_one_cm":25645,"minecraft:interact_with_crafting_table":3,"minecraft:fly_one_cm":35628,"minecraft:crouch_one_cm":5364,"minecraft:play_time":14169,"minecraft:sneak_time":2261,"minecraft:walk_under_water_one_cm":1862,"minecraft:jump":279,"minecraft:time_since_death":14169,"minecraft:walk_on_water_one_cm":4308,"minecraft:climb_one_cm":326,"minecraft:total_world_time":14169,"minecraft:fall_one_cm":7549},"minecraft:used":{"minecraft:moss_block":1,"minecraft:diorite":4,"minecraft:stone_pickaxe":73,"minecraft:wooden_pickaxe":18,"minecraft:stone_axe":8,"minecraft:crafting_table":3,"minecraft:furnace":1,"minecraft:andesite":4},"minecraft:picked_up":{"minecraft:crafting_table":2,"minecraft:magma_block":1,"minecraft:raw_iron":33,"minecraft:clay_ball":12,"minecraft:andesite":4,"minecraft:leather":2,"minecraft:gravel":3,"minecraft:oak_log":5,"minecraft:diorite":4,"minecraft:moss_carpet":5,"minecraft:wheat_seeds":1,"minecraft:beef":11,"minecraft:granite":3,"minecraft:glow_berries":4,"minecraft:moss_block":5,"minecraft:flowering_azalea":1,"minecraft:coal":3,"minecraft:cobblestone":32},"minecraft:killed":{"minecraft:cow":6},"minecraft:crafted":{"minecraft:cooked_beef":8,"minecraft:oak_planks":20,"minecraft:crafting_table":1,"minecraft:stick":8,"minecraft:wooden_pickaxe":1,"minecraft:stone_pickaxe":1,"minecraft:furnace":1,"minecraft:stone_axe":1,"minecraft:air":0}},"DataVersion":3953}