{"stats":{"minecraft:dropped":{"minecraft:water_bucket":2,"minecraft:moss_block":4,"minecraft:cooked_beef":16,"minecraft:cherry_log":23,"minecraft:dark_oak_sapling":1,"minecraft:cooked_porkchop":8,"minecraft:oak_fence":9,"minecraft:cobblestone":1,"minecraft:granite":3,"minecraft:stick":2,"minecraft:oxeye_daisy":2,"minecraft:dirt":10,"minecraft:iron_axe":1,"minecraft:iron_pickaxe":1,"minecraft:string":6,"minecraft:tripwire_hook":4,"minecraft:stone_axe":2,"minecraft:moss_carpet":5,"minecraft:cooked_chicken":1,"minecraft:pointed_dripstone":2,"minecraft:raw_iron":38,"minecraft:stone_shovel":1,"minecraft:rotten_flesh":2,"minecraft:shears":2,"minecraft:poppy":1,"minecraft:shield":2,"minecraft:andesite":1,"minecraft:ladder":2,"minecraft:spider_eye":3,"minecraft:spruce_log":6,"minecraft:arrow":1,"minecraft:wooden_pickaxe":1},"minecraft:killed":{"minecraft:armadillo":1,"minecraft:spider":2,"minecraft:skeleton":4,"minecraft:iron_golem":1,"minecraft:creeper":1,"minecraft:sheep":2,"minecraft:zombie":9,"minecraft:cow":10},"minecraft:killed_by":{"minecraft:creeper":1,"minecraft:skeleton":3,"minecraft:zombie":1},"minecraft:custom":{"minecraft:mob_kills":32,"minecraft:interact_with_crafting_table":32,"minecraft:bell_ring":23,"minecraft:leave_game":1,"minecraft:time_since_death":5211,"minecraft:climb_one_cm":1825,"minecraft:sprint_one_cm":502033,"minecraft:walk_one_cm":439289,"minecraft:damage_blocked_by_shield":1050,"minecraft:drop":46,"minecraft:talked_to_villager":13,"minecraft:play_time":190637,"minecraft:sneak_time":10302,"minecraft:deaths":6,"minecraft:walk_under_water_one_cm":16763,"minecraft:boat_one_cm":124932,"minecraft:jump":4913,"minecraft:walk_on_water_one_cm":26311,"minecraft:total_world_time":190637,"minecraft:interact_with_furnace":29,"minecraft:traded_with_villager":24,"minecraft:sleep_in_bed":4,"minecraft:time_since_rest":5012,"minecraft:damage_taken":3591,"minecraft:damage_dealt":5789,"minecraft:swim_one_cm":76775,"minecraft:fly_one_cm":995519,"minecraft:open_chest":23,"minecraft:crouch_one_cm":33349,"minecraft:interact_with_smoker":1,"minecraft:fall_one_cm":148645},"minecraft:crafted":{"minecraft:oak_planks":40,"minecraft:tripwire_hook":2,"minecraft:dark_oak_boat":1,"minecraft:cooked_chicken":2,"minecraft:furnace":4,"minecraft:yellow_bed":1,"minecraft:bone_meal":3,"minecraft:iron_axe":1,"minecraft:ladder":3,"minecraft:stone_pickaxe":3,"minecraft:oak_button":2,"minecraft:dark_oak_planks":20,"minecraft:cooked_beef":37,"minecraft:emerald":24,"minecraft:cooked_porkchop":28,"minecraft:crafting_table":5,"minecraft:wooden_pickaxe":3,"minecraft:iron_sword":1,"minecraft:fletching_table":1,"minecraft:bucket":1,"minecraft:hay_block":2,"minecraft:stone_axe":2,"minecraft:air":0,"minecraft:iron_chestplate":1,"minecraft:shield":1,"minecraft:stick":36,"minecraft:iron_ingot":23,"minecraft:iron_pickaxe":2,"minecraft:stone_sword":1,"minecraft:iron_shovel":1,"minecraft:shears":1},"minecraft:mined":{"minecraft:tuff":44,"minecraft:mossy_cobblestone":1,"minecraft:deepslate_diamond_ore":1,"minecraft:dark_oak_leaves":2,"minecraft:cherry_log":23,"minecraft:dark_oak_log":5,"minecraft:ladder":1,"minecraft:granite":12,"minecraft:grass_block":88,"minecraft:brown_mushroom_block":2,"minecraft:spruce_leaves":22,"minecraft:moss_block":5,"minecraft:oxeye_daisy":2,"minecraft:hay_block":55,"minecraft:magma_block":1,"minecraft:spruce_sapling":4,"minecraft:furnace":2,"minecraft:iron_ore":60,"minecraft:andesite":6,"minecraft:fletching_table":1,"minecraft:gold_block":1,"minecraft:bell":2,"minecraft:deepslate_iron_ore":2,"minecraft:dirt_path":72,"minecraft:pointed_dripstone":3,"minecraft:water_cauldron":4,"minecraft:stone":144,"minecraft:white_wool":9,"minecraft:orange_bed":1,"minecraft:oak_slab":12,"minecraft:smoker":1,"minecraft:dandelion":1,"minecraft:oak_fence":11,"minecraft:clay":3,"minecraft:crafting_table":7,"minecraft:short_grass":32,"minecraft:chest":2,"minecraft:mushroom_stem":1,"minecraft:cobblestone":5,"minecraft:sugar_cane":5,"minecraft:oak_planks":24,"minecraft:diorite":4,"minecraft:pink_petals":1,"minecraft:yellow_wool":9,"minecraft:wheat":28,"minecraft:spruce_log":22,"minecraft:yellow_bed":3,"minecraft:oak_log":10,"minecraft:coal_ore":3,"minecraft:cherry_leaves":8,"minecraft:dripstone_block":9,"minecraft:dirt":40,"minecraft:cobweb":6,"minecraft:oak_leaves":2,"minecraft:deepslate":47},"minecraft:used":{"minecraft:oak_fence":31,"minecraft:moss_block":1,"minecraft:stone_sword":4,"minecraft:iron_shovel":192,"minecraft:ladder":3,"minecraft:chest":2,"minecraft:shield":23,"minecraft:iron_sword":28,"minecraft:bell":1,"minecraft:cooked_chicken":1,"minecraft:iron_chestplate":1,"minecraft:orange_bed":1,"minecraft:torch":4,"minecraft:dirt":62,"minecraft:mutton":2,"minecraft:tuff":13,"minecraft:granite":3,"minecraft:iron_axe":197,"minecraft:beef":2,"minecraft:dark_oak_boat":3,"minecraft:furnace":6,"minecraft:oak_sapling":1,"minecraft:cooked_beef":9,"minecraft:cobbled_deepslate":4,"minecraft:pointed_dripstone":2,"minecraft:diorite":4,"minecraft:stone_pickaxe":170,"minecraft:oak_planks":2,"minecraft:wooden_pickaxe":28,"minecraft:fletching_table":2,"minecraft:glow_berries":4,"minecraft:crafting_table":10,"minecraft:dripstone_block":5,"minecraft:shears":13,"minecraft:smoker":1,"minecraft:spruce_log":2,"minecraft:bread":5,"minecraft:string":1,"minecraft:iron_pickaxe":219,"minecraft:spruce_sapling":14,"minecraft:stone_axe":22,"minecraft:cobblestone":17,"minecraft:cooked_porkchop":18,"minecraft:bucket":1,"minecraft:andesite":5,"minecraft:yellow_bed":4,"minecraft:bone_meal":3},"minecraft:picked_up":{"minecraft:wooden_axe":1,"minecraft:crafting_table":8,"minecraft:wheat":26,"minecraft:chicken":2,"minecraft:ladder":2,"minecraft:clay_ball":12,"minecraft:yellow_wool":9,"minecraft:brown_mushroom":1,"minecraft:wooden_pickaxe":1,"minecraft:gold_block":1,"minecraft:shield":3,"minecraft:string":704,"minecraft:moss_carpet":5,"minecraft:iron_axe":1,"minecraft:cobbled_deepslate":45,"minecraft:beef":39,"minecraft:poppy":2,"minecraft:iron_pickaxe":2,"minecraft:sugar_cane":15,"minecraft:chest":2,"minecraft:furnace":2,"minecraft:dark_oak_sapling":3,"minecraft:stick":8,"minecraft:raw_iron":102,"minecraft:oak_fence":40,"minecraft:torch":4,"minecraft:porkchop":28,"minecraft:cherry_log":23,"minecraft:pointed_dripstone":9,"minecraft:diorite":4,"minecraft:cauldron":4,"minecraft:dark_oak_planks":11,"minecraft:orange_bed":1,"minecraft:stone_sword":1,"minecraft:arrow":5,"minecraft:rotten_flesh":12,"minecraft:stone_shovel":1,"minecraft:shears":1,"minecraft:hay_block":55,"minecraft:glow_berries":4,"minecraft:mutton":7,"minecraft:white_wool":17,"minecraft:cobblestone":150,"minecraft:oxeye_daisy":2,"minecraft:magma_block":1,"minecraft:cooked_beef":7,"minecraft:tripwire_hook":2,"minecraft:water_bucket":1,"minecraft:andesite":6,"minecraft:leather":12,"minecraft:dark_oak_boat":4,"minecraft:red_mushroom":5,"minecraft:smoker":1,"minecraft:potato":1,"minecraft:flint":4,"minecraft:tuff":44,"minecraft:oak_log":10,"minecraft:yellow_bed":3,"minecraft:dirt":333,"minecraft:bone":4,"minecraft:bow":2,"minecraft:wheat_seeds":75,"minecraft:raw_gold":12,"minecraft:bell":2,"minecraft:iron_ingot":9,"minecraft:fletching_table":1,"minecraft:moss_block":5,"minecraft:oak_planks":42,"minecraft:flowering_azalea":1,"minecraft:oak_slab":12,"minecraft:cooked_porkchop":1,"minecraft:dripstone_block":16,"minecraft:gravel":3,"minecraft:spruce_sapling":15,"minecraft:spruce_log":22,"minecraft:dark_oak_log":5,"minecraft:spider_eye":6,"minecraft:mossy_cobblestone":1,"minecraft:stone_axe":2,"minecraft:granite":12,"minecraft:oak_sapling":1,"minecraft:coal":125}},"DataVersion":3953}