{"stats":{"minecraft:crafted":{"minecraft:oak_planks":64,"minecraft:cobblestone_slab":12,"minecraft:dark_oak_boat":6,"minecraft:cooked_chicken":2,"minecraft:stone":16,"minecraft:bookshelf":5,"minecraft:cooked_mutton":38,"minecraft:quartz_block":155,"minecraft:glass":22,"minecraft:hopper":4,"minecraft:repeater":2,"minecraft:diamond_helmet":2,"minecraft:bow":20,"minecraft:diamond_leggings":1,"minecraft:iron_boots":11,"minecraft:comparator":1,"minecraft:chest":8,"minecraft:oak_button":2,"minecraft:rail":64,"minecraft:emerald":1302,"minecraft:arrow":64,"minecraft:cooked_porkchop":28,"minecraft:diamond_axe":2,"minecraft:crafting_table":14,"minecraft:spruce_planks":740,"minecraft:wooden_pickaxe":3,"minecraft:kelp":2,"minecraft:iron_helmet":1,"minecraft:fletching_table":3,"minecraft:hay_block":2,"minecraft:dispenser":1,"minecraft:spruce_trapdoor":16,"minecraft:book":10,"minecraft:iron_chestplate":2,"minecraft:paper":57,"minecraft:diamond_pickaxe":2,"minecraft:emerald_block":47,"minecraft:shield":6,"minecraft:stick":1108,"minecraft:iron_ingot":37,"minecraft:iron_pickaxe":5,"minecraft:iron_block":32,"minecraft:stone_sword":2,"minecraft:gold_ingot":79,"minecraft:redstone_torch":8,"minecraft:spruce_fence_gate":1,"minecraft:shears":2,"minecraft:cobbled_deepslate_slab":6,"minecraft:mangrove_propagule":1,"minecraft:redstone":38,"minecraft:stone_shovel":1,"minecraft:tripwire_hook":2,"minecraft:furnace":6,"minecraft:yellow_bed":2,"minecraft:bone_meal":3,"minecraft:spruce_fence":3,"minecraft:white_carpet":12,"minecraft:glass_pane":16,"minecraft:spruce_stairs":12,"minecraft:iron_axe":2,"minecraft:ladder":3,"minecraft:spruce_slab":60,"minecraft:stone_pickaxe":5,"minecraft:diamond_boots":1,"minecraft:dark_oak_planks":92,"minecraft:minecart":1,"minecraft:wheat":351,"minecraft:cooked_beef":41,"minecraft:diamond_sword":2,"minecraft:enchanting_table":1,"minecraft:iron_sword":1,"minecraft:mangrove_planks":72,"minecraft:bucket":3,"minecraft:stone_axe":3,"minecraft:glowstone":8,"minecraft:enchanted_book":23,"minecraft:air":0,"minecraft:bread":117,"minecraft:iron_shovel":4,"minecraft:iron_leggings":1,"minecraft:stonecutter":2,"minecraft:anvil":2,"minecraft:white_bed":1,"minecraft:lapis_lazuli":12,"minecraft:diamond_chestplate":2},"minecraft:dropped":{"minecraft:soul_sand":4,"minecraft:moss_block":4,"minecraft:cooked_beef":16,"minecraft:dark_oak_sapling":1,"minecraft:cooked_porkchop":8,"minecraft:rail":64,"minecraft:dirt":27,"minecraft:iron_pickaxe":2,"minecraft:bone":1,"minecraft:stone_axe":2,"minecraft:blackstone":16,"minecraft:cooked_chicken":1,"minecraft:pointed_dripstone":2,"minecraft:rotten_flesh":6,"minecraft:oak_planks":1,"minecraft:poppy":1,"minecraft:ladder":2,"minecraft:leather_leggings":1,"minecraft:arrow":10,"minecraft:netherrack":2560,"minecraft:bread":2,"minecraft:oak_slab":1,"minecraft:egg":20,"minecraft:enchanted_book":3,"minecraft:water_bucket":2,"minecraft:golden_boots":2,"minecraft:cherry_log":23,"minecraft:wheat_seeds":8,"minecraft:oak_fence":12,"minecraft:cobblestone":9,"minecraft:granite":38,"minecraft:grass_block":2,"minecraft:coal":1,"minecraft:stick":2,"minecraft:oxeye_daisy":2,"minecraft:diorite":10,"minecraft:brewing_stand":3,"minecraft:diamond_helmet":1,"minecraft:iron_axe":1,"minecraft:string":7,"minecraft:tripwire_hook":4,"minecraft:spruce_sapling":2,"minecraft:redstone":21,"minecraft:moss_carpet":5,"minecraft:stone_shovel":1,"minecraft:raw_iron":40,"minecraft:name_tag":1,"minecraft:shears":2,"minecraft:stone":1,"minecraft:shield":3,"minecraft:diamond_chestplate":1,"minecraft:spruce_planks":36,"minecraft:diamond_pickaxe":2,"minecraft:andesite":4,"minecraft:spider_eye":3,"minecraft:spruce_log":6,"minecraft:bow":13,"minecraft:wooden_pickaxe":1,"minecraft:magma_block":2},"minecraft:mined":{"minecraft:dark_oak_planks":3,"minecraft:spruce_planks":55,"minecraft:white_bed":3,"minecraft:cherry_log":23,"minecraft:cobblestone_stairs":2,"minecraft:brewing_stand":5,"minecraft:obsidian":5,"minecraft:spruce_trapdoor":6,"minecraft:granite":239,"minecraft:grass_block":356,"minecraft:soul_soil":15,"minecraft:deepslate_bricks":16,"minecraft:hopper":1,"minecraft:oxeye_daisy":2,"minecraft:spawner":2,"minecraft:tall_seagrass":2,"minecraft:magma_block":47,"minecraft:iron_ore":99,"minecraft:cobbled_deepslate":19,"minecraft:moss_carpet":1,"minecraft:anvil":7,"minecraft:fletching_table":8,"minecraft:deepslate_lapis_ore":3,"minecraft:pointed_dripstone":7,"minecraft:dirt_path":83,"minecraft:water_cauldron":4,"minecraft:oak_stairs":50,"minecraft:spruce_slab":3,"minecraft:tripwire":16,"minecraft:orange_bed":1,"minecraft:deepslate_redstone_ore":8,"minecraft:blackstone":46,"minecraft:smoker":1,"minecraft:soul_fire":1,"minecraft:deepslate_tile_slab":2,"minecraft:clay":3,"minecraft:blast_furnace":2,"minecraft:chest":4,"minecraft:mushroom_stem":1,"minecraft:nether_quartz_ore":332,"minecraft:glass":10,"minecraft:cobblestone":171,"minecraft:oak_planks":71,"minecraft:sugar_cane":100,"minecraft:wall_torch":1,"minecraft:pink_petals":2,"minecraft:repeater":17,"minecraft:yellow_wool":9,"minecraft:wheat":28,"minecraft:oak_log":18,"minecraft:sand":23,"minecraft:dirt":653,"minecraft:mangrove_log":18,"minecraft:raw_copper_block":2,"minecraft:dispenser":1,"minecraft:netherrack":4035,"minecraft:ancient_debris":2,"minecraft:oak_leaves":5,"minecraft:deepslate":653,"minecraft:nether_gold_ore":91,"minecraft:deepslate_tiles":4,"minecraft:tuff":145,"minecraft:mossy_cobblestone":7,"minecraft:dark_oak_leaves":2,"minecraft:deepslate_diamond_ore":48,"minecraft:oak_door":1,"minecraft:dark_oak_log":22,"minecraft:mangrove_roots":37,"minecraft:lever":8,"minecraft:ladder":1,"minecraft:cobbled_deepslate_slab":4,"minecraft:redstone_wire":75,"minecraft:brown_mushroom_block":2,"minecraft:spruce_leaves":33,"minecraft:moss_block":5,"minecraft:mangrove_propagule":2,"minecraft:hay_block":55,"minecraft:furnace":2,"minecraft:spruce_sapling":7,"minecraft:andesite":65,"minecraft:gold_block":1,"minecraft:bell":2,"minecraft:bookshelf":5,"minecraft:deepslate_iron_ore":31,"minecraft:cobblestone_slab":10,"minecraft:vine":8,"minecraft:rail":11,"minecraft:lantern":6,"minecraft:stone":1362,"minecraft:bone_block":35,"minecraft:white_wool":9,"minecraft:oak_slab":18,"minecraft:glass_pane":3,"minecraft:comparator":9,"minecraft:soul_sand":9,"minecraft:dandelion":1,"minecraft:oak_fence":12,"minecraft:crafting_table":13,"minecraft:cornflower":1,"minecraft:short_grass":62,"minecraft:lectern":25,"minecraft:tall_grass":16,"minecraft:copper_ore":10,"minecraft:lapis_ore":7,"minecraft:diorite":25,"minecraft:spruce_log":287,"minecraft:mangrove_leaves":51,"minecraft:yellow_bed":9,"minecraft:coal_ore":21,"minecraft:cherry_leaves":8,"minecraft:gravel":66,"minecraft:dripstone_block":55,"minecraft:cobweb":9},"minecraft:picked_up":{"minecraft:wooden_axe":1,"minecraft:iron_chestplate":4,"minecraft:wheat":26,"minecraft:anvil":7,"minecraft:yellow_wool":9,"minecraft:smithing_table":1,"minecraft:lead":16,"minecraft:diamond_sword":5,"minecraft:oak_stairs":50,"minecraft:brewing_stand":8,"minecraft:string":3739,"minecraft:soul_soil":6,"minecraft:raw_copper":27,"minecraft:iron_leggings":5,"minecraft:deepslate_tiles":4,"minecraft:gold_nugget":692,"minecraft:cobbled_deepslate":1376,"minecraft:comparator":9,"minecraft:bucket":4,"minecraft:spruce_planks":398,"minecraft:redstone_torch":2,"minecraft:cobblestone_slab":17,"minecraft:iron_pickaxe":10,"minecraft:mangrove_log":18,"minecraft:iron_boots":2,"minecraft:furnace":4,"minecraft:stick":121,"minecraft:oak_fence":47,"minecraft:torch":8,"minecraft:porkchop":30,"minecraft:cherry_log":23,"minecraft:pointed_dripstone":36,"minecraft:diorite":16,"minecraft:cauldron":4,"minecraft:orange_bed":1,"minecraft:stone_sword":8,"minecraft:rotten_flesh":296,"minecraft:mangrove_roots":36,"minecraft:obsidian":4,"minecraft:cobblestone":1625,"minecraft:pink_petals":3,"minecraft:magma_block":37,"minecraft:feather":10,"minecraft:cooked_beef":7,"minecraft:repeater":16,"minecraft:water_bucket":1,"minecraft:andesite":90,"minecraft:dark_oak_boat":18,"minecraft:smoker":1,"minecraft:potato":1,"minecraft:flint":10,"minecraft:tuff":362,"minecraft:lapis_lazuli":97,"minecraft:dirt":1253,"minecraft:lantern":14,"minecraft:name_tag":1,"minecraft:glass":125,"minecraft:bone":49,"minecraft:bow":19,"minecraft:wheat_seeds":166,"minecraft:raw_gold":12,"minecraft:cobbled_deepslate_slab":23,"minecraft:bell":3,"minecraft:grindstone":1,"minecraft:fletching_table":8,"minecraft:moss_block":5,"minecraft:oak_planks":117,"minecraft:cooked_porkchop":1,"minecraft:sand":22,"minecraft:grass_block":3,"minecraft:dark_oak_log":25,"minecraft:mossy_cobblestone":7,"minecraft:dispenser":1,"minecraft:diamond":181,"minecraft:spruce_boat":3,"minecraft:lever":8,"minecraft:granite":250,"minecraft:emerald":67,"minecraft:bread":273,"minecraft:oak_sapling":1,"minecraft:netherrack":2992,"minecraft:diamond_pickaxe":7,"minecraft:crafting_table":15,"minecraft:chicken":3,"minecraft:ladder":3,"minecraft:clay_ball":12,"minecraft:chest_minecart":3,"minecraft:leather_leggings":3,"minecraft:brown_mushroom":1,"minecraft:wooden_pickaxe":7,"minecraft:gold_block":1,"minecraft:shield":12,"minecraft:cornflower":1,"minecraft:moss_carpet":10,"minecraft:iron_axe":3,"minecraft:blackstone":31,"minecraft:beef":53,"minecraft:minecart":6,"minecraft:poppy":2,"minecraft:spruce_slab":3,"minecraft:lectern":26,"minecraft:chest":4,"minecraft:sugar_cane":207,"minecraft:spruce_trapdoor":7,"minecraft:phantom_membrane":4,"minecraft:raw_copper_block":6,"minecraft:egg":152,"minecraft:dark_oak_sapling":3,"minecraft:raw_iron":270,"minecraft:stone":2,"minecraft:oak_door":2,"minecraft:redstone":161,"minecraft:dark_oak_planks":20,"minecraft:stone_shovel":1,"minecraft:arrow":60,"minecraft:beetroot_seeds":14,"minecraft:shears":3,"minecraft:deepslate_bricks":16,"minecraft:hay_block":91,"minecraft:glow_berries":4,"minecraft:mutton":20,"minecraft:bone_block":29,"minecraft:rail":253,"minecraft:white_wool":29,"minecraft:oxeye_daisy":2,"minecraft:tripwire_hook":2,"minecraft:leather":27,"minecraft:red_mushroom":5,"minecraft:oak_log":18,"minecraft:ancient_debris":2,"minecraft:golden_boots":2,"minecraft:yellow_bed":10,"minecraft:gunpowder":8,"minecraft:cobblestone_stairs":2,"minecraft:deepslate_tile_slab":3,"minecraft:paper":8,"minecraft:kelp":3,"minecraft:stone_pickaxe":12,"minecraft:iron_ingot":224,"minecraft:flowering_azalea":1,"minecraft:soul_sand":8,"minecraft:book":15,"minecraft:oak_slab":19,"minecraft:quartz":670,"minecraft:dripstone_block":113,"minecraft:gravel":65,"minecraft:spruce_sapling":30,"minecraft:blast_furnace":3,"minecraft:white_bed":3,"minecraft:spruce_log":356,"minecraft:spider_eye":16,"minecraft:stone_axe":8,"minecraft:iron_helmet":6,"minecraft:diamond_axe":6,"minecraft:cherry_sapling":5,"minecraft:gray_wool":1,"minecraft:melon_seeds":18,"minecraft:coal":192,"minecraft:mangrove_propagule":5,"minecraft:hopper":1,"minecraft:ender_pearl":3},"minecraft:killed":{"minecraft:spider":9,"minecraft:skeleton":36,"minecraft:chicken":4,"minecraft:pig":2,"minecraft:zombie_villager":2,"minecraft:iron_golem":10,"minecraft:creeper":7,"minecraft:sheep":7,"minecraft:trader_llama":7,"minecraft:zombie":98,"minecraft:cow":16,"minecraft:armadillo":1,"minecraft:phantom":2,"minecraft:wandering_trader":2,"minecraft:villager":1,"minecraft:enderman":2},"minecraft:custom":{"minecraft:animals_bred":7,"minecraft:interact_with_crafting_table":148,"minecraft:bell_ring":56,"minecraft:leave_game":3,"minecraft:time_since_death":670301,"minecraft:sprint_one_cm":1755117,"minecraft:damage_blocked_by_shield":8034,"minecraft:drop":174,"minecraft:talked_to_villager":451,"minecraft:play_time":1369913,"minecraft:deaths":29,"minecraft:jump":17296,"minecraft:walk_on_water_one_cm":158024,"minecraft:enchant_item":2,"minecraft:interact_with_furnace":98,"minecraft:traded_with_villager":1243,"minecraft:sleep_in_bed":22,"minecraft:damage_dealt":46514,"minecraft:crouch_one_cm":173420,"minecraft:interact_with_smoker":6,"minecraft:inspect_dispenser":18,"minecraft:interact_with_smithing_table":1,"minecraft:interact_with_anvil":18,"minecraft:mob_kills":210,"minecraft:inspect_hopper":37,"minecraft:climb_one_cm":21329,"minecraft:walk_one_cm":2669396,"minecraft:sneak_time":63695,"minecraft:walk_under_water_one_cm":156573,"minecraft:boat_one_cm":649776,"minecraft:interact_with_blast_furnace":3,"minecraft:total_world_time":1369913,"minecraft:interact_with_stonecutter":6,"minecraft:time_since_rest":37350,"minecraft:damage_taken":16909,"minecraft:swim_one_cm":135783,"minecraft:fly_one_cm":2954917,"minecraft:open_chest":349,"minecraft:fall_one_cm":355781},"minecraft:used":{"minecraft:moss_block":1,"minecraft:cherry_sapling":5,"minecraft:iron_shovel":716,"minecraft:dispenser":2,"minecraft:spruce_slab":22,"minecraft:ladder":4,"minecraft:chest":8,"minecraft:shield":151,"minecraft:iron_sword":28,"minecraft:bell":2,"minecraft:rotten_flesh":26,"minecraft:iron_chestplate":3,"minecraft:mutton":3,"minecraft:deepslate_tile_slab":18,"minecraft:tuff":54,"minecraft:spruce_boat":3,"minecraft:glass":12,"minecraft:lava_bucket":1,"minecraft:grass_block":1,"minecraft:lantern":11,"minecraft:iron_helmet":2,"minecraft:repeater":18,"minecraft:bow":2,"minecraft:dark_oak_boat":20,"minecraft:furnace":7,"minecraft:oak_sapling":1,"minecraft:egg":80,"minecraft:diorite":5,"minecraft:diamond_boots":2,"minecraft:stone_pickaxe":530,"minecraft:oak_planks":3,"minecraft:blackstone":1,"minecraft:wooden_pickaxe":56,"minecraft:diamond_axe":721,"minecraft:sugar_cane":25,"minecraft:glow_berries":4,"minecraft:blast_furnace":4,"minecraft:dripstone_block":11,"minecraft:shears":13,"minecraft:deepslate_tiles":140,"minecraft:lever":8,"minecraft:dark_oak_log":1,"minecraft:string":17,"minecraft:bread":113,"minecraft:lectern":26,"minecraft:gravel":53,"minecraft:diamond_sword":413,"minecraft:smithing_table":1,"minecraft:andesite":19,"minecraft:bone_meal":3,"minecraft:oak_fence":31,"minecraft:stone_sword":92,"minecraft:enchanting_table":1,"minecraft:stone_shovel":131,"minecraft:redstone":81,"minecraft:spruce_planks":170,"minecraft:cooked_chicken":12,"minecraft:netherrack":144,"minecraft:orange_bed":1,"minecraft:torch":5,"minecraft:brewing_stand":5,"minecraft:dirt":438,"minecraft:anvil":9,"minecraft:white_carpet":9,"minecraft:hopper":5,"minecraft:spruce_stairs":12,"minecraft:diamond_helmet":1,"minecraft:granite":68,"minecraft:spruce_fence":2,"minecraft:dark_oak_planks":5,"minecraft:bookshelf":5,"minecraft:iron_axe":206,"minecraft:iron_boots":1,"minecraft:beef":2,"minecraft:minecart":5,"minecraft:cooked_beef":13,"minecraft:cobbled_deepslate":148,"minecraft:iron_leggings":4,"minecraft:pointed_dripstone":2,"minecraft:cooked_mutton":26,"minecraft:water_bucket":10,"minecraft:cobblestone_stairs":1,"minecraft:stonecutter":2,"minecraft:spruce_fence_gate":1,"minecraft:fletching_table":11,"minecraft:cobblestone_slab":13,"minecraft:deepslate_bricks":131,"minecraft:mossy_cobblestone":2,"minecraft:rail":1,"minecraft:comparator":10,"minecraft:crafting_table":24,"minecraft:white_bed":4,"minecraft:smoker":1,"minecraft:spruce_log":5,"minecraft:diamond_pickaxe":6208,"minecraft:cornflower":1,"minecraft:chicken":1,"minecraft:mangrove_propagule":3,"minecraft:iron_pickaxe":1077,"minecraft:spruce_trapdoor":11,"minecraft:spruce_sapling":24,"minecraft:stone_axe":67,"minecraft:pink_petals":3,"minecraft:cobblestone":376,"minecraft:cobbled_deepslate_slab":5,"minecraft:porkchop":1,"minecraft:cooked_porkchop":18,"minecraft:bucket":14,"minecraft:glass_pane":15,"minecraft:yellow_bed":14,"minecraft:kelp":2,"minecraft:diamond_leggings":1},"minecraft:broken":{"minecraft:iron_shovel":2,"minecraft:stone_pickaxe":2,"minecraft:stone_shovel":1,"minecraft:shield":3,"minecraft:iron_pickaxe":2},"minecraft:killed_by":{"minecraft:creeper":4,"minecraft:pillager":1,"minecraft:zombie":8,"minecraft:skeleton":11,"minecraft:phantom":1}},"DataVersion":3953}