{"stats":{"minecraft:crafted":{"minecraft:oak_planks":64,"minecraft:cobblestone_slab":12,"minecraft:dark_oak_boat":6,"minecraft:cooked_chicken":2,"minecraft:stone":16,"minecraft:bookshelf":5,"minecraft:cooked_mutton":38,"minecraft:quartz_block":155,"minecraft:glass":22,"minecraft:hopper":4,"minecraft:repeater":2,"minecraft:diamond_helmet":2,"minecraft:bow":20,"minecraft:diamond_leggings":1,"minecraft:iron_boots":11,"minecraft:comparator":1,"minecraft:chest":8,"minecraft:oak_button":2,"minecraft:rail":64,"minecraft:item_frame":2,"minecraft:emerald":1392,"minecraft:arrow":64,"minecraft:map":12,"minecraft:cooked_porkchop":28,"minecraft:diamond_axe":2,"minecraft:crafting_table":14,"minecraft:spruce_planks":780,"minecraft:wooden_pickaxe":3,"minecraft:kelp":2,"minecraft:iron_helmet":1,"minecraft:fletching_table":3,"minecraft:hay_block":2,"minecraft:dispenser":1,"minecraft:spruce_trapdoor":16,"minecraft:book":10,"minecraft:iron_chestplate":2,"minecraft:paper":285,"minecraft:diamond_pickaxe":2,"minecraft:emerald_block":47,"minecraft:shield":6,"minecraft:stick":1188,"minecraft:compass":9,"minecraft:iron_ingot":73,"minecraft:iron_pickaxe":5,"minecraft:iron_block":32,"minecraft:stone_sword":2,"minecraft:gold_ingot":79,"minecraft:redstone_torch":8,"minecraft:spruce_fence_gate":1,"minecraft:shears":2,"minecraft:cobbled_deepslate_slab":6,"minecraft:mangrove_propagule":1,"minecraft:redstone":38,"minecraft:stone_shovel":1,"minecraft:tripwire_hook":2,"minecraft:furnace":6,"minecraft:yellow_bed":2,"minecraft:bone_meal":3,"minecraft:spruce_fence":3,"minecraft:white_carpet":12,"minecraft:glass_pane":16,"minecraft:spruce_stairs":12,"minecraft:iron_axe":2,"minecraft:ladder":3,"minecraft:spruce_slab":60,"minecraft:stone_pickaxe":5,"minecraft:diamond_boots":1,"minecraft:dark_oak_planks":92,"minecraft:minecart":1,"minecraft:wheat":351,"minecraft:cooked_beef":41,"minecraft:diamond_sword":2,"minecraft:enchanting_table":1,"minecraft:iron_sword":1,"minecraft:mangrove_planks":72,"minecraft:bucket":3,"minecraft:stone_axe":3,"minecraft:glowstone":8,"minecraft:enchanted_book":23,"minecraft:air":0,"minecraft:bread":117,"minecraft:iron_shovel":4,"minecraft:iron_leggings":1,"minecraft:stonecutter":2,"minecraft:anvil":2,"minecraft:white_bed":1,"minecraft:lapis_lazuli":12,"minecraft:diamond_chestplate":2},"minecraft:dropped":{"minecraft:soul_sand":4,"minecraft:moss_block":4,"minecraft:cooked_beef":16,"minecraft:dark_oak_sapling":1,"minecraft:cooked_porkchop":8,"minecraft:rail":64,"minecraft:leather_helmet":1,"minecraft:dirt":27,"minecraft:iron_pickaxe":2,"minecraft:bone":1,"minecraft:stone_axe":2,"minecraft:blackstone":16,"minecraft:sugar_cane":2,"minecraft:chiseled_tuff_bricks":1,"minecraft:cooked_chicken":1,"minecraft:pointed_dripstone":2,"minecraft:rotten_flesh":21,"minecraft:oak_planks":1,"minecraft:waxed_copper_block":6,"minecraft:chainmail_chestplate":2,"minecraft:poppy":1,"minecraft:leather_chestplate":1,"minecraft:gunpowder":2,"minecraft:chest":1,"minecraft:chainmail_boots":1,"minecraft:ladder":2,"minecraft:leather_leggings":1,"minecraft:chiseled_tuff":1,"minecraft:arrow":10,"minecraft:netherrack":2560,"minecraft:golden_helmet":1,"minecraft:bread":2,"minecraft:oak_slab":1,"minecraft:egg":20,"minecraft:enchanted_book":6,"minecraft:water_bucket":2,"minecraft:golden_boots":2,"minecraft:cherry_log":23,"minecraft:wheat_seeds":13,"minecraft:oak_fence":12,"minecraft:cobblestone":73,"minecraft:waxed_copper_grate":1,"minecraft:polished_tuff":1,"minecraft:granite":38,"minecraft:grass_block":2,"minecraft:coal":1,"minecraft:stick":2,"minecraft:oxeye_daisy":2,"minecraft:diorite":18,"minecraft:brewing_stand":3,"minecraft:diamond_helmet":1,"minecraft:iron_axe":1,"minecraft:string":10,"minecraft:pink_petals":4,"minecraft:tripwire_hook":4,"minecraft:spruce_sapling":2,"minecraft:redstone":21,"minecraft:moss_carpet":5,"minecraft:tuff_bricks":7,"minecraft:tuff":1,"minecraft:stone_shovel":1,"minecraft:raw_iron":40,"minecraft:name_tag":1,"minecraft:shears":2,"minecraft:deepslate_bricks":2,"minecraft:stone":1,"minecraft:shield":5,"minecraft:diamond_chestplate":1,"minecraft:spruce_planks":36,"minecraft:diamond_pickaxe":2,"minecraft:andesite":24,"minecraft:golden_leggings":1,"minecraft:spider_eye":13,"minecraft:spruce_log":6,"minecraft:bow":14,"minecraft:wooden_pickaxe":1,"minecraft:magma_block":2,"minecraft:brick":34},"minecraft:mined":{"minecraft:dark_oak_planks":3,"minecraft:large_amethyst_bud":2,"minecraft:spruce_planks":55,"minecraft:white_bed":3,"minecraft:sculk_vein":1,"minecraft:cherry_log":23,"minecraft:cobblestone_stairs":2,"minecraft:brewing_stand":5,"minecraft:obsidian":5,"minecraft:spruce_trapdoor":6,"minecraft:granite":240,"minecraft:grass_block":360,"minecraft:soul_soil":15,"minecraft:deepslate_bricks":38,"minecraft:chiseled_tuff_bricks":1,"minecraft:hopper":1,"minecraft:oxeye_daisy":2,"minecraft:tuff_bricks":13,"minecraft:spawner":3,"minecraft:tall_seagrass":2,"minecraft:magma_block":47,"minecraft:iron_ore":104,"minecraft:cobbled_deepslate":19,"minecraft:polished_tuff":1,"minecraft:moss_carpet":1,"minecraft:anvil":7,"minecraft:fletching_table":8,"minecraft:deepslate_lapis_ore":3,"minecraft:sculk_shrieker":7,"minecraft:pointed_dripstone":9,"minecraft:dirt_path":83,"minecraft:water_cauldron":4,"minecraft:oak_stairs":50,"minecraft:spruce_slab":3,"minecraft:green_bed":1,"minecraft:tripwire":16,"minecraft:orange_bed":1,"minecraft:deepslate_redstone_ore":8,"minecraft:blackstone":46,"minecraft:amethyst_cluster":2,"minecraft:smoker":1,"minecraft:soul_fire":1,"minecraft:deepslate_tile_slab":16,"minecraft:clay":3,"minecraft:blast_furnace":2,"minecraft:calcite":11,"minecraft:chest":5,"minecraft:mushroom_stem":1,"minecraft:nether_quartz_ore":332,"minecraft:glass":10,"minecraft:cobblestone":186,"minecraft:oak_planks":71,"minecraft:sugar_cane":159,"minecraft:wall_torch":1,"minecraft:amethyst_block":5,"minecraft:pink_petals":4,"minecraft:repeater":17,"minecraft:yellow_wool":9,"minecraft:wheat":28,"minecraft:waxed_copper_block":6,"minecraft:oak_log":18,"minecraft:waxed_oxidized_copper":1,"minecraft:sand":23,"minecraft:dirt":659,"minecraft:mangrove_log":18,"minecraft:smooth_basalt":3,"minecraft:raw_copper_block":2,"minecraft:dispenser":1,"minecraft:netherrack":4035,"minecraft:ancient_debris":2,"minecraft:oak_leaves":5,"minecraft:deepslate":920,"minecraft:nether_gold_ore":91,"minecraft:deepslate_tiles":4,"minecraft:tuff":175,"minecraft:mossy_cobblestone":8,"minecraft:dark_oak_leaves":2,"minecraft:deepslate_diamond_ore":62,"minecraft:oak_door":1,"minecraft:dark_oak_log":22,"minecraft:mangrove_roots":37,"minecraft:shulker_box":8,"minecraft:lever":8,"minecraft:ladder":1,"minecraft:cobbled_deepslate_slab":4,"minecraft:decorated_pot":19,"minecraft:redstone_wire":75,"minecraft:brown_mushroom_block":2,"minecraft:cartography_table":1,"minecraft:spruce_leaves":33,"minecraft:moss_block":7,"minecraft:mangrove_propagule":2,"minecraft:hay_block":55,"minecraft:furnace":2,"minecraft:spruce_sapling":7,"minecraft:waxed_copper_grate":2,"minecraft:andesite":113,"minecraft:gold_block":1,"minecraft:chiseled_tuff":1,"minecraft:bell":2,"minecraft:bookshelf":5,"minecraft:deepslate_iron_ore":31,"minecraft:cobblestone_slab":22,"minecraft:vine":8,"minecraft:rail":11,"minecraft:lantern":6,"minecraft:stone":1649,"minecraft:bone_block":35,"minecraft:white_wool":9,"minecraft:oak_slab":18,"minecraft:glass_pane":3,"minecraft:comparator":9,"minecraft:soul_sand":9,"minecraft:dandelion":1,"minecraft:oak_fence":12,"minecraft:crafting_table":13,"minecraft:cornflower":1,"minecraft:short_grass":65,"minecraft:lectern":25,"minecraft:tall_grass":16,"minecraft:copper_ore":10,"minecraft:lapis_ore":7,"minecraft:sculk":2,"minecraft:blue_bed":1,"minecraft:diorite":33,"minecraft:waxed_oxidized_copper_grate":4,"minecraft:spruce_log":287,"minecraft:mangrove_leaves":51,"minecraft:yellow_bed":9,"minecraft:coal_ore":25,"minecraft:cherry_leaves":8,"minecraft:gravel":69,"minecraft:dripstone_block":56,"minecraft:cobweb":42},"minecraft:picked_up":{"minecraft:wooden_axe":1,"minecraft:iron_chestplate":4,"minecraft:wheat":26,"minecraft:chainmail_boots":1,"minecraft:anvil":7,"minecraft:yellow_wool":9,"minecraft:smithing_table":1,"minecraft:lead":16,"minecraft:diamond_sword":5,"minecraft:oak_stairs":50,"minecraft:potion":3,"minecraft:enchanted_book":3,"minecraft:brewing_stand":8,"minecraft:string":3816,"minecraft:soul_soil":6,"minecraft:raw_copper":27,"minecraft:iron_leggings":5,"minecraft:deepslate_tiles":4,"minecraft:gold_nugget":692,"minecraft:cobbled_deepslate":1440,"minecraft:comparator":10,"minecraft:bucket":4,"minecraft:spruce_planks":398,"minecraft:trial_key":4,"minecraft:redstone_torch":2,"minecraft:cobblestone_slab":29,"minecraft:ender_eye":1,"minecraft:iron_pickaxe":10,"minecraft:mangrove_log":18,"minecraft:iron_boots":2,"minecraft:furnace":4,"minecraft:tipped_arrow":31,"minecraft:golden_helmet":1,"minecraft:stick":121,"minecraft:green_bed":1,"minecraft:oak_fence":47,"minecraft:torch":9,"minecraft:porkchop":30,"minecraft:cherry_log":23,"minecraft:waxed_copper_grate":1,"minecraft:pointed_dripstone":36,"minecraft:diorite":24,"minecraft:cauldron":4,"minecraft:orange_bed":1,"minecraft:honey_bottle":2,"minecraft:stone_sword":8,"minecraft:rotten_flesh":311,"minecraft:mangrove_roots":36,"minecraft:obsidian":12,"minecraft:cobblestone":1879,"minecraft:pink_petals":7,"minecraft:magma_block":37,"minecraft:leather_chestplate":1,"minecraft:feather":12,"minecraft:cooked_beef":11,"minecraft:repeater":18,"minecraft:water_bucket":1,"minecraft:andesite":110,"minecraft:golden_leggings":1,"minecraft:dark_oak_boat":18,"minecraft:smoker":1,"minecraft:potato":1,"minecraft:flint":13,"minecraft:tuff":363,"minecraft:lapis_lazuli":97,"minecraft:dirt":1263,"minecraft:lantern":14,"minecraft:name_tag":1,"minecraft:glass":125,"minecraft:bone":82,"minecraft:bow":21,"minecraft:wheat_seeds":166,"minecraft:raw_gold":12,"minecraft:cobbled_deepslate_slab":23,"minecraft:bell":3,"minecraft:grindstone":1,"minecraft:bolt_armor_trim_smithing_template":1,"minecraft:fletching_table":8,"minecraft:moss_block":5,"minecraft:scrape_pottery_sherd":1,"minecraft:oak_planks":117,"minecraft:cooked_porkchop":1,"minecraft:sand":22,"minecraft:grass_block":3,"minecraft:shulker_box":10,"minecraft:dark_oak_log":25,"minecraft:mossy_cobblestone":7,"minecraft:dispenser":1,"minecraft:diamond":222,"minecraft:spruce_boat":3,"minecraft:lever":8,"minecraft:breeze_rod":12,"minecraft:granite":250,"minecraft:ominous_trial_key":2,"minecraft:emerald":84,"minecraft:bread":276,"minecraft:ominous_bottle":2,"minecraft:oak_sapling":1,"minecraft:netherrack":2992,"minecraft:diamond_pickaxe":7,"minecraft:crafting_table":15,"minecraft:chicken":4,"minecraft:ladder":3,"minecraft:clay_ball":12,"minecraft:chest_minecart":3,"minecraft:leather_leggings":3,"minecraft:brown_mushroom":1,"minecraft:wooden_pickaxe":7,"minecraft:gold_block":1,"minecraft:brick":34,"minecraft:shield":15,"minecraft:wind_charge":24,"minecraft:flow_banner_pattern":1,"minecraft:cornflower":1,"minecraft:moss_carpet":10,"minecraft:iron_axe":3,"minecraft:blackstone":31,"minecraft:cartography_table":1,"minecraft:chiseled_tuff":1,"minecraft:beef":53,"minecraft:guster_pottery_sherd":3,"minecraft:minecart":6,"minecraft:poppy":2,"minecraft:spruce_slab":3,"minecraft:lectern":26,"minecraft:chest":6,"minecraft:sugar_cane":323,"minecraft:spruce_trapdoor":7,"minecraft:phantom_membrane":4,"minecraft:raw_copper_block":6,"minecraft:egg":171,"minecraft:dark_oak_sapling":3,"minecraft:raw_iron":270,"minecraft:stone":2,"minecraft:oak_door":2,"minecraft:flow_pottery_sherd":1,"minecraft:redstone":167,"minecraft:dark_oak_planks":20,"minecraft:decorated_pot":9,"minecraft:diamond_chestplate":1,"minecraft:stone_shovel":1,"minecraft:arrow":137,"minecraft:beetroot_seeds":14,"minecraft:shears":3,"minecraft:deepslate_bricks":38,"minecraft:hay_block":91,"minecraft:flow_armor_trim_smithing_template":1,"minecraft:tuff_bricks":9,"minecraft:glow_berries":4,"minecraft:mutton":20,"minecraft:bone_block":29,"minecraft:rail":253,"minecraft:white_wool":29,"minecraft:oxeye_daisy":2,"minecraft:golden_carrot":2,"minecraft:tripwire_hook":2,"minecraft:leather":28,"minecraft:red_mushroom":5,"minecraft:chainmail_chestplate":2,"minecraft:oak_log":18,"minecraft:waxed_copper_block":6,"minecraft:blue_bed":1,"minecraft:ancient_debris":2,"minecraft:golden_boots":2,"minecraft:yellow_bed":10,"minecraft:gunpowder":10,"minecraft:cobblestone_stairs":2,"minecraft:deepslate_tile_slab":17,"minecraft:paper":8,"minecraft:kelp":3,"minecraft:stone_pickaxe":12,"minecraft:iron_ingot":239,"minecraft:flowering_azalea":1,"minecraft:soul_sand":8,"minecraft:book":15,"minecraft:oak_slab":19,"minecraft:quartz":670,"minecraft:dripstone_block":113,"minecraft:gravel":65,"minecraft:amethyst_shard":12,"minecraft:spruce_sapling":30,"minecraft:blast_furnace":3,"minecraft:white_bed":3,"minecraft:spruce_log":356,"minecraft:polished_tuff":1,"minecraft:spider_eye":29,"minecraft:leather_helmet":1,"minecraft:slime_ball":72,"minecraft:stone_axe":8,"minecraft:iron_helmet":6,"minecraft:diamond_axe":6,"minecraft:cherry_sapling":5,"minecraft:gray_wool":1,"minecraft:baked_potato":5,"minecraft:chiseled_tuff_bricks":1,"minecraft:melon_seeds":18,"minecraft:coal":204,"minecraft:mangrove_propagule":5,"minecraft:hopper":1,"minecraft:shulker_shell":2,"minecraft:ender_pearl":3},"minecraft:killed":{"minecraft:spider":55,"minecraft:skeleton":37,"minecraft:chicken":5,"minecraft:silverfish":5,"minecraft:pig":2,"minecraft:zombie_villager":3,"minecraft:iron_golem":10,"minecraft:creeper":10,"minecraft:sheep":7,"minecraft:trader_llama":7,"minecraft:zombie":107,"minecraft:stray":29,"minecraft:cow":17,"minecraft:armadillo":1,"minecraft:slime":83,"minecraft:phantom":2,"minecraft:wandering_trader":2,"minecraft:breeze":8,"minecraft:villager":1,"minecraft:enderman":2},"minecraft:custom":{"minecraft:animals_bred":7,"minecraft:open_barrel":14,"minecraft:interact_with_crafting_table":153,"minecraft:open_shulker_box":11,"minecraft:bell_ring":56,"minecraft:leave_game":3,"minecraft:time_since_death":778301,"minecraft:sprint_one_cm":2034163,"minecraft:damage_blocked_by_shield":10399,"minecraft:drop":214,"minecraft:talked_to_villager":458,"minecraft:play_time":1477913,"minecraft:deaths":29,"minecraft:jump":19110,"minecraft:walk_on_water_one_cm":174390,"minecraft:enchant_item":2,"minecraft:interact_with_furnace":98,"minecraft:traded_with_villager":1264,"minecraft:interact_with_cartography_table":1,"minecraft:sleep_in_bed":24,"minecraft:damage_dealt":67146,"minecraft:crouch_one_cm":199947,"minecraft:interact_with_smoker":6,"minecraft:inspect_dispenser":20,"minecraft:interact_with_smithing_table":1,"minecraft:interact_with_anvil":18,"minecraft:mob_kills":421,"minecraft:inspect_hopper":38,"minecraft:climb_one_cm":24957,"minecraft:walk_one_cm":3076218,"minecraft:sneak_time":70739,"minecraft:walk_under_water_one_cm":159967,"minecraft:boat_one_cm":649776,"minecraft:interact_with_blast_furnace":3,"minecraft:total_world_time":1477913,"minecraft:interact_with_stonecutter":6,"minecraft:time_since_rest":82453,"minecraft:damage_taken":18051,"minecraft:swim_one_cm":139653,"minecraft:fly_one_cm":3189827,"minecraft:open_chest":384,"minecraft:fall_one_cm":394362},"minecraft:used":{"minecraft:moss_block":1,"minecraft:cherry_sapling":5,"minecraft:iron_shovel":716,"minecraft:dispenser":2,"minecraft:spruce_slab":22,"minecraft:ladder":4,"minecraft:chest":9,"minecraft:shield":214,"minecraft:iron_sword":28,"minecraft:bell":2,"minecraft:rotten_flesh":26,"minecraft:iron_chestplate":3,"minecraft:mutton":3,"minecraft:deepslate_tile_slab":64,"minecraft:tuff":54,"minecraft:spruce_boat":3,"minecraft:glass":12,"minecraft:lava_bucket":1,"minecraft:grass_block":1,"minecraft:lantern":11,"minecraft:iron_helmet":2,"minecraft:item_frame":2,"minecraft:repeater":20,"minecraft:bow":3,"minecraft:dark_oak_boat":20,"minecraft:ominous_bottle":1,"minecraft:furnace":7,"minecraft:oak_sapling":1,"minecraft:egg":83,"minecraft:diorite":5,"minecraft:diamond_boots":2,"minecraft:stone_pickaxe":530,"minecraft:oak_planks":3,"minecraft:blackstone":1,"minecraft:wooden_pickaxe":56,"minecraft:diamond_axe":724,"minecraft:sugar_cane":25,"minecraft:glow_berries":4,"minecraft:blast_furnace":4,"minecraft:dripstone_block":11,"minecraft:shears":13,"minecraft:deepslate_tiles":140,"minecraft:lever":8,"minecraft:dark_oak_log":1,"minecraft:string":17,"minecraft:bread":114,"minecraft:lectern":26,"minecraft:gravel":53,"minecraft:diamond_sword":789,"minecraft:smithing_table":1,"minecraft:andesite":19,"minecraft:bone_meal":3,"minecraft:oak_fence":31,"minecraft:stone_sword":92,"minecraft:enchanting_table":1,"minecraft:stone_shovel":131,"minecraft:redstone":87,"minecraft:spruce_planks":170,"minecraft:trial_key":4,"minecraft:cooked_chicken":19,"minecraft:netherrack":144,"minecraft:orange_bed":1,"minecraft:torch":17,"minecraft:brewing_stand":5,"minecraft:dirt":448,"minecraft:anvil":9,"minecraft:white_carpet":9,"minecraft:hopper":5,"minecraft:spruce_stairs":12,"minecraft:shulker_box":9,"minecraft:diamond_helmet":1,"minecraft:granite":68,"minecraft:spruce_fence":2,"minecraft:dark_oak_planks":5,"minecraft:bookshelf":5,"minecraft:iron_axe":206,"minecraft:iron_boots":1,"minecraft:beef":2,"minecraft:minecart":5,"minecraft:cooked_beef":17,"minecraft:cobbled_deepslate":148,"minecraft:iron_leggings":4,"minecraft:pointed_dripstone":2,"minecraft:cooked_mutton":38,"minecraft:water_bucket":22,"minecraft:cobblestone_stairs":1,"minecraft:cartography_table":2,"minecraft:stonecutter":2,"minecraft:spruce_fence_gate":1,"minecraft:fletching_table":11,"minecraft:cobblestone_slab":13,"minecraft:deepslate_bricks":184,"minecraft:mossy_cobblestone":2,"minecraft:rail":1,"minecraft:comparator":11,"minecraft:crafting_table":24,"minecraft:white_bed":4,"minecraft:smoker":1,"minecraft:spruce_log":5,"minecraft:diamond_pickaxe":7024,"minecraft:cornflower":1,"minecraft:ominous_trial_key":2,"minecraft:wind_charge":6,"minecraft:chicken":1,"minecraft:mangrove_propagule":3,"minecraft:iron_pickaxe":1077,"minecraft:map":2,"minecraft:spruce_trapdoor":11,"minecraft:spruce_sapling":24,"minecraft:stone_axe":67,"minecraft:pink_petals":3,"minecraft:cobblestone":444,"minecraft:cobbled_deepslate_slab":5,"minecraft:porkchop":1,"minecraft:cooked_porkchop":18,"minecraft:bucket":26,"minecraft:glass_pane":15,"minecraft:yellow_bed":14,"minecraft:kelp":2,"minecraft:diamond_leggings":1},"minecraft:broken":{"minecraft:iron_shovel":2,"minecraft:stone_pickaxe":2,"minecraft:stone_shovel":1,"minecraft:shield":3,"minecraft:iron_pickaxe":2},"minecraft:killed_by":{"minecraft:creeper":4,"minecraft:pillager":1,"minecraft:zombie":8,"minecraft:skeleton":11,"minecraft:phantom":1}},"DataVersion":3953}