{"stats":{"minecraft:broken":{"minecraft:golden_helmet":1,"minecraft:iron_shovel":1,"minecraft:stone_pickaxe":1,"minecraft:stone_axe":2,"minecraft:stone_shovel":11,"minecraft:stone_sword":1,"minecraft:iron_axe":3,"minecraft:iron_pickaxe":4,"minecraft:golden_pickaxe":1},"minecraft:used":{"minecraft:iron_shovel":254,"minecraft:elytra":5,"minecraft:spruce_slab":208,"minecraft:bone_block":12,"minecraft:poppy":2,"minecraft:stone":13,"minecraft:chest":16,"minecraft:shield":137,"minecraft:iron_sword":171,"minecraft:bell":6,"minecraft:carrot":29,"minecraft:furnace_minecart":6,"minecraft:tuff":9,"minecraft:obsidian":14,"minecraft:spruce_boat":8,"minecraft:glass":418,"minecraft:lava_bucket":5,"minecraft:coal_ore":3,"minecraft:lantern":20,"minecraft:stone_bricks":16,"minecraft:repeater":1,"minecraft:bow":20,"minecraft:dark_oak_boat":22,"minecraft:furnace":2,"minecraft:oak_sapling":4,"minecraft:beetroot_seeds":1,"minecraft:egg":26,"minecraft:potato":22,"minecraft:end_stone_bricks":5,"minecraft:mossy_stone_bricks":3,"minecraft:diamond_boots":2,"minecraft:stone_pickaxe":130,"minecraft:oak_planks":19,"minecraft:ender_pearl":12,"minecraft:wooden_pickaxe":12,"minecraft:composter":1,"minecraft:sugar_cane":75,"minecraft:purpur_pillar":2,"minecraft:purpur_stairs":1,"minecraft:sand":7,"minecraft:blast_furnace":9,"minecraft:dripstone_block":3,"minecraft:shears":1,"minecraft:end_stone":212,"minecraft:lever":2,"minecraft:firework_rocket":16,"minecraft:string":17,"minecraft:bread":161,"minecraft:lectern":16,"minecraft:oak_pressure_plate":2,"minecraft:gravel":21,"minecraft:diamond_sword":636,"minecraft:grindstone":3,"minecraft:smithing_table":6,"minecraft:andesite":25,"minecraft:oak_boat":3,"minecraft:smooth_stone_slab":1,"minecraft:golden_pickaxe":32,"minecraft:bone_meal":113,"minecraft:experience_bottle":1,"minecraft:oak_fence":55,"minecraft:oak_trapdoor":6,"minecraft:enchanting_table":1,"minecraft:stone_sword":41,"minecraft:flint_and_steel":2,"minecraft:stone_shovel":1495,"minecraft:redstone":3,"minecraft:spruce_planks":191,"minecraft:stone_hoe":88,"minecraft:cooked_chicken":5,"minecraft:netherrack":13,"minecraft:oak_door":1,"minecraft:orange_bed":4,"minecraft:torch":32,"minecraft:brewing_stand":9,"minecraft:dirt":2643,"minecraft:anvil":3,"minecraft:hopper":13,"minecraft:spruce_stairs":69,"minecraft:shulker_box":11,"minecraft:diamond_helmet":1,"minecraft:granite":25,"minecraft:wooden_axe":39,"minecraft:bookshelf":48,"minecraft:iron_block":1,"minecraft:iron_axe":954,"minecraft:oak_stairs":10,"minecraft:diamond_chestplate":4,"minecraft:tripwire_hook":4,"minecraft:glowstone":5,"minecraft:soul_soil":11,"minecraft:minecart":25,"minecraft:cooked_beef":65,"minecraft:cobbled_deepslate":29,"minecraft:wheat_seeds":7,"minecraft:water_bucket":237,"minecraft:cobblestone_stairs":43,"minecraft:spruce_sign":19,"minecraft:stonecutter":1,"minecraft:fletching_table":2,"minecraft:cobblestone_slab":191,"minecraft:cracked_stone_bricks":2,"minecraft:rail":343,"minecraft:crafting_table":16,"minecraft:oak_slab":40,"minecraft:white_bed":12,"minecraft:smoker":4,"minecraft:spruce_log":5,"minecraft:ender_eye":9,"minecraft:diamond_pickaxe":1854,"minecraft:diamond_shovel":381,"minecraft:iron_pickaxe":929,"minecraft:purpur_slab":1,"minecraft:stone_slab":8,"minecraft:spruce_trapdoor":2,"minecraft:spruce_sapling":83,"minecraft:stone_axe":193,"minecraft:cobblestone":948,"minecraft:cobbled_deepslate_slab":6,"minecraft:cooked_porkchop":23,"minecraft:bucket":245,"minecraft:yellow_bed":18},"minecraft:killed_by":{"minecraft:creeper":1,"minecraft:zombie":2,"minecraft:iron_golem":1,"minecraft:skeleton":2},"minecraft:custom":{"minecraft:animals_bred":55,"minecraft:interact_with_crafting_table":220,"minecraft:open_shulker_box":21,"minecraft:bell_ring":60,"minecraft:leave_game":8,"minecraft:time_since_death":547804,"minecraft:sprint_one_cm":2956361,"minecraft:damage_blocked_by_shield":8408,"minecraft:drop":495,"minecraft:talked_to_villager":584,"minecraft:play_time":1270504,"minecraft:deaths":8,"minecraft:jump":14887,"minecraft:walk_on_water_one_cm":222120,"minecraft:enchant_item":5,"minecraft:interact_with_furnace":148,"minecraft:traded_with_villager":1555,"minecraft:sleep_in_bed":17,"minecraft:open_enderchest":1,"minecraft:damage_dealt":66886,"minecraft:crouch_one_cm":563404,"minecraft:interact_with_smoker":4,"minecraft:inspect_dispenser":8,"minecraft:horse_one_cm":1082,"minecraft:interact_with_smithing_table":1,"minecraft:interact_with_anvil":26,"minecraft:mob_kills":373,"minecraft:inspect_hopper":41,"minecraft:climb_one_cm":24782,"minecraft:walk_one_cm":2531019,"minecraft:sneak_time":155406,"minecraft:walk_under_water_one_cm":158131,"minecraft:boat_one_cm":39593,"minecraft:interact_with_blast_furnace":18,"minecraft:total_world_time":1270504,"minecraft:interact_with_grindstone":1,"minecraft:time_since_rest":96455,"minecraft:damage_taken":13928,"minecraft:fly_one_cm":5046265,"minecraft:swim_one_cm":198970,"minecraft:open_chest":669,"minecraft:aviate_one_cm":884799,"minecraft:fall_one_cm":311586},"minecraft:crafted":{"minecraft:grindstone":1,"minecraft:oak_planks":348,"minecraft:cobblestone_slab":216,"minecraft:blaze_powder":30,"minecraft:cobblestone_stairs":40,"minecraft:stone":3,"minecraft:lever":2,"minecraft:diamond_shovel":1,"minecraft:bookshelf":53,"minecraft:shulker_box":5,"minecraft:glass":440,"minecraft:hopper":13,"minecraft:diamond_leggings":1,"minecraft:bow":16,"minecraft:iron_boots":3,"minecraft:chest":28,"minecraft:rail":144,"minecraft:stone_hoe":1,"minecraft:ender_eye":14,"minecraft:name_tag":1,"minecraft:furnace_minecart":2,"minecraft:oak_slab":6,"minecraft:emerald":1444,"minecraft:cooked_porkchop":16,"minecraft:crafting_table":4,"minecraft:spruce_planks":760,"minecraft:wooden_pickaxe":1,"minecraft:iron_helmet":2,"minecraft:raw_gold_block":2,"minecraft:smithing_table":2,"minecraft:fletching_table":1,"minecraft:hay_block":18,"minecraft:cartography_table":1,"minecraft:spruce_trapdoor":2,"minecraft:lectern":5,"minecraft:iron_chestplate":2,"minecraft:book":22,"minecraft:paper":144,"minecraft:diamond_pickaxe":2,"minecraft:emerald_block":14,"minecraft:shield":4,"minecraft:stick":1168,"minecraft:stone_slab":6,"minecraft:iron_ingot":3356,"minecraft:iron_pickaxe":4,"minecraft:compass":5,"minecraft:iron_block":489,"minecraft:composter":1,"minecraft:cherry_planks":92,"minecraft:redstone":22,"minecraft:stone_shovel":12,"minecraft:experience_bottle":1,"minecraft:furnace":3,"minecraft:yellow_bed":1,"minecraft:bone_meal":129,"minecraft:flint_and_steel":1,"minecraft:diamond_block":3,"minecraft:oak_trapdoor":4,"minecraft:lantern":18,"minecraft:spruce_stairs":60,"minecraft:iron_axe":25,"minecraft:spruce_slab":246,"minecraft:ender_pearl":14,"minecraft:stone_pickaxe":1,"minecraft:diamond_boots":1,"minecraft:spruce_boat":1,"minecraft:redstone_block":14,"minecraft:dark_oak_planks":164,"minecraft:minecart":4,"minecraft:wheat":747,"minecraft:cooked_beef":56,"minecraft:diamond_sword":2,"minecraft:spruce_sign":9,"minecraft:iron_sword":2,"minecraft:bucket":3,"minecraft:stone_axe":22,"minecraft:glowstone":19,"minecraft:enchanted_book":19,"minecraft:air":0,"minecraft:bread":147,"minecraft:oak_boat":1,"minecraft:white_wool":16,"minecraft:oak_stairs":4,"minecraft:wooden_axe":1,"minecraft:iron_shovel":1,"minecraft:iron_leggings":2,"minecraft:anvil":3,"minecraft:white_bed":5,"minecraft:torch":8,"minecraft:lapis_lazuli":30,"minecraft:lapis_block":13,"minecraft:ender_chest":1,"minecraft:firework_rocket":69},"minecraft:killed":{"minecraft:witch":1,"minecraft:spider":18,"minecraft:shulker":28,"minecraft:skeleton":19,"minecraft:chicken":3,"minecraft:silverfish":4,"minecraft:magma_cube":4,"minecraft:piglin":9,"minecraft:pig":20,"minecraft:zombie_villager":16,"minecraft:salmon":8,"minecraft:iron_golem":5,"minecraft:ender_dragon":1,"minecraft:creeper":11,"minecraft:sheep":24,"minecraft:pillager":4,"minecraft:zombie":106,"minecraft:blaze":17,"minecraft:cow":37,"minecraft:phantom":11,"minecraft:hoglin":1,"minecraft:villager":5,"minecraft:enderman":9},"minecraft:picked_up":{"minecraft:shulker_shell":24,"minecraft:iron_chestplate":2,"minecraft:wheat":20,"minecraft:lead":4,"minecraft:smithing_table":5,"minecraft:stone_slab":5,"minecraft:diamond_sword":4,"minecraft:oak_stairs":56,"minecraft:potion":4,"minecraft:enchanted_book":6,"minecraft:brewing_stand":14,"minecraft:golden_sword":1,"minecraft:string":2065,"minecraft:raw_copper":41,"minecraft:soul_soil":11,"minecraft:smooth_stone_slab":1,"minecraft:iron_leggings":3,"minecraft:deepslate_tiles":45,"minecraft:gold_nugget":40,"minecraft:cobbled_deepslate":73,"minecraft:spruce_planks":404,"minecraft:cobblestone_slab":144,"minecraft:iron_pickaxe":6,"minecraft:furnace":2,"minecraft:iron_boots":12,"minecraft:golden_helmet":4,"minecraft:stick":102,"minecraft:oak_fence":162,"minecraft:torch":27,"minecraft:purpur_pillar":6,"minecraft:spruce_stairs":9,"minecraft:porkchop":48,"minecraft:cherry_log":23,"minecraft:pointed_dripstone":34,"minecraft:diorite":7,"minecraft:orange_bed":4,"minecraft:stone_sword":5,"minecraft:rotten_flesh":222,"minecraft:glowstone":15,"minecraft:white_terracotta":31,"minecraft:blaze_rod":15,"minecraft:obsidian":28,"minecraft:iron_bars":30,"minecraft:cobblestone":1769,"minecraft:furnace_minecart":9,"minecraft:enchanting_table":1,"minecraft:feather":2,"minecraft:cooked_beef":58,"minecraft:repeater":1,"minecraft:magma_cream":1,"minecraft:iron_door":3,"minecraft:water_bucket":7,"minecraft:andesite":71,"minecraft:brown_wool":1,"minecraft:dark_oak_boat":27,"minecraft:smoker":7,"minecraft:potato":22,"minecraft:flint":11,"minecraft:tuff":43,"minecraft:lantern":4,"minecraft:lapis_lazuli":112,"minecraft:dirt":3747,"minecraft:name_tag":3,"minecraft:glass":102,"minecraft:bone":27,"minecraft:bow":15,"minecraft:stonecutter":4,"minecraft:wheat_seeds":144,"minecraft:cobbled_deepslate_slab":3,"minecraft:raw_gold":38,"minecraft:bell":5,"minecraft:grindstone":3,"minecraft:mossy_stone_bricks":4,"minecraft:fletching_table":1,"minecraft:diamond_helmet":1,"minecraft:stone_hoe":2,"minecraft:oak_planks":198,"minecraft:cooked_porkchop":14,"minecraft:oak_pressure_plate":2,"minecraft:sand":276,"minecraft:ink_sac":6,"minecraft:dark_oak_log":41,"minecraft:shulker_box":12,"minecraft:mossy_cobblestone":5,"minecraft:diamond":13,"minecraft:spruce_boat":10,"minecraft:end_stone_bricks":5,"minecraft:crossbow":1,"minecraft:granite":84,"minecraft:spruce_sign":7,"minecraft:emerald":70,"minecraft:bread":156,"minecraft:oak_sapling":4,"minecraft:netherrack":183,"minecraft:chorus_fruit":11,"minecraft:crimson_roots":1,"minecraft:diamond_pickaxe":6,"minecraft:crafting_table":15,"minecraft:ominous_bottle":2,"minecraft:chicken":3,"minecraft:leather_leggings":2,"minecraft:wooden_pickaxe":3,"minecraft:dragon_head":1,"minecraft:purpur_block":12,"minecraft:shield":8,"minecraft:oak_trapdoor":2,"minecraft:elytra":2,"minecraft:iron_axe":16,"minecraft:flint_and_steel":1,"minecraft:iron_shovel":3,"minecraft:cracked_stone_bricks":3,"minecraft:cartography_table":2,"minecraft:beef":89,"minecraft:oak_boat":3,"minecraft:minecart":25,"minecraft:poppy":5,"minecraft:light_gray_wool":2,"minecraft:spruce_slab":81,"minecraft:lectern":12,"minecraft:sugar_cane":224,"minecraft:chest":10,"minecraft:spruce_trapdoor":6,"minecraft:egg":27,"minecraft:phantom_membrane":3,"minecraft:raw_copper_block":2,"minecraft:dark_oak_sapling":1,"minecraft:raw_iron":171,"minecraft:end_stone":214,"minecraft:stone":13,"minecraft:oak_door":2,"minecraft:carrot":29,"minecraft:redstone":182,"minecraft:dark_oak_planks":22,"minecraft:stone_shovel":6,"minecraft:arrow":48,"minecraft:diamond_chestplate":1,"minecraft:beetroot_seeds":34,"minecraft:shears":6,"minecraft:deepslate_bricks":23,"minecraft:purpur_slab":1,"minecraft:hay_block":117,"minecraft:saddle":1,"minecraft:gold_ingot":13,"minecraft:mutton":35,"minecraft:bone_block":39,"minecraft:rail":371,"minecraft:white_wool":20,"minecraft:stripped_oak_log":16,"minecraft:clock":2,"minecraft:tripwire_hook":4,"minecraft:salmon":6,"minecraft:leather":42,"minecraft:purpur_stairs":1,"minecraft:oak_log":71,"minecraft:yellow_bed":21,"minecraft:gunpowder":31,"minecraft:cobblestone_stairs":21,"minecraft:paper":46,"minecraft:white_banner":1,"minecraft:stone_bricks":24,"minecraft:iron_ingot":200,"minecraft:stone_pickaxe":3,"minecraft:cooked_chicken":1,"minecraft:stripped_oak_wood":1,"minecraft:iron_sword":2,"minecraft:soul_sand":1,"minecraft:book":21,"minecraft:oak_slab":23,"minecraft:quartz":394,"minecraft:dandelion":5,"minecraft:dripstone_block":100,"minecraft:gravel":33,"minecraft:spruce_sapling":86,"minecraft:blast_furnace":11,"minecraft:white_bed":10,"minecraft:spruce_log":727,"minecraft:spider_eye":12,"minecraft:dragon_egg":1,"minecraft:coal_ore":3,"minecraft:stone_axe":3,"minecraft:iron_helmet":2,"minecraft:diamond_axe":2,"minecraft:gray_wool":1,"minecraft:black_wool":3,"minecraft:melon_seeds":4,"minecraft:coal":370,"minecraft:wooden_axe":3,"minecraft:ender_pearl":12},"minecraft:dropped":{"minecraft:iron_sword":2,"minecraft:porkchop":32,"minecraft:ominous_bottle":1,"minecraft:cooked_beef":7,"minecraft:dark_oak_sapling":1,"minecraft:cooked_porkchop":1,"minecraft:lantern":2,"minecraft:leather":2,"minecraft:cracked_stone_bricks":1,"minecraft:rail":1,"minecraft:emerald":36,"minecraft:flint":8,"minecraft:dirt":236,"minecraft:mutton":9,"minecraft:crimson_roots":1,"minecraft:bone_block":9,"minecraft:sand":1,"minecraft:bone_meal":16,"minecraft:phantom_membrane":4,"minecraft:iron_pickaxe":1,"minecraft:dark_oak_planks":11,"minecraft:dark_oak_boat":1,"minecraft:white_wool":12,"minecraft:gold_ingot":8,"minecraft:bone":23,"minecraft:compass":5,"minecraft:gravel":12,"minecraft:stone_axe":21,"minecraft:purpur_block":5,"minecraft:sugar_cane":3,"minecraft:cobbled_deepslate":4,"minecraft:wheat":6,"minecraft:pointed_dripstone":24,"minecraft:obsidian":8,"minecraft:grindstone":1,"minecraft:rotten_flesh":169,"minecraft:oak_planks":16,"minecraft:end_stone":2,"minecraft:poppy":3240,"minecraft:shulker_shell":8,"minecraft:gunpowder":8,"minecraft:beetroot_seeds":33,"minecraft:glowstone":10,"minecraft:leather_leggings":3,"minecraft:spruce_slab":1,"minecraft:glass":21,"minecraft:iron_bars":20,"minecraft:arrow":23,"minecraft:beef":20,"minecraft:netherrack":165,"minecraft:quartz":266,"minecraft:egg":1,"minecraft:lectern":1,"minecraft:enchanted_book":2,"minecraft:iron_ingot":86,"minecraft:wheat_seeds":141,"minecraft:clock":2,"minecraft:smithing_table":1,"minecraft:dripstone_block":52,"minecraft:feather":2,"minecraft:cobblestone":27,"minecraft:oak_fence":106,"minecraft:iron_helmet":1,"minecraft:granite":59,"minecraft:coal":61,"minecraft:stick":33,"minecraft:gray_wool":1,"minecraft:diorite":7,"minecraft:brewing_stand":3,"minecraft:ink_sac":6,"minecraft:torch":3,"minecraft:wooden_axe":1,"minecraft:brown_wool":1,"minecraft:iron_leggings":1,"minecraft:iron_axe":33,"minecraft:iron_shovel":2,"minecraft:paper":38,"minecraft:string":552,"minecraft:dandelion":5,"minecraft:redstone":10,"minecraft:purpur_pillar":4,"minecraft:stone_sword":2,"minecraft:raw_iron":36,"minecraft:chicken":3,"minecraft:light_gray_wool":2,"minecraft:iron_boots":21,"minecraft:ender_eye":1,"minecraft:stone_slab":2,"minecraft:name_tag":1,"minecraft:shulker_box":3,"minecraft:blast_furnace":1,"minecraft:diamond_sword":1,"minecraft:cobblestone_slab":10,"minecraft:hay_block":18,"minecraft:shield":5,"minecraft:spruce_trapdoor":6,"minecraft:spruce_planks":86,"minecraft:diamond_pickaxe":2,"minecraft:iron_chestplate":2,"minecraft:andesite":31,"minecraft:mossy_stone_bricks":1,"minecraft:golden_sword":1,"minecraft:stone_bricks":8,"minecraft:spider_eye":8,"minecraft:spruce_log":155,"minecraft:bow":31,"minecraft:wooden_pickaxe":1,"minecraft:magma_cream":1},"minecraft:mined":{"minecraft:dragon_wall_head":1,"minecraft:spruce_planks":101,"minecraft:white_bed":7,"minecraft:farmland":1,"minecraft:cobblestone_stairs":9,"minecraft:brewing_stand":11,"minecraft:obsidian":14,"minecraft:spruce_trapdoor":5,"minecraft:granite":58,"minecraft:grass_block":856,"minecraft:purpur_slab":1,"minecraft:spawner":1,"minecraft:iron_ore":80,"minecraft:cobbled_deepslate":11,"minecraft:fire":1,"minecraft:deepslate_lapis_ore":6,"minecraft:fletching_table":1,"minecraft:enchanting_table":1,"minecraft:pointed_dripstone":1,"minecraft:dirt_path":182,"minecraft:oak_stairs":6,"minecraft:iron_bars":1,"minecraft:end_stone_bricks":6,"minecraft:spruce_slab":24,"minecraft:tripwire":12,"minecraft:orange_bed":4,"minecraft:deepslate_redstone_ore":33,"minecraft:kelp_plant":1,"minecraft:smoker":5,"minecraft:crimson_nylium":1,"minecraft:soul_fire":20,"minecraft:purpur_stairs":1,"minecraft:torch":7,"minecraft:blast_furnace":11,"minecraft:poppy":1,"minecraft:chest":10,"minecraft:spruce_wall_sign":7,"minecraft:nether_quartz_ore":189,"minecraft:glass":59,"minecraft:cobblestone":488,"minecraft:oak_planks":103,"minecraft:sugar_cane":127,"minecraft:grindstone":3,"minecraft:iron_door":8,"minecraft:wall_torch":4,"minecraft:white_terracotta":31,"minecraft:wheat":37,"minecraft:stripped_oak_wood":1,"minecraft:purpur_block":10,"minecraft:oak_log":64,"minecraft:beetroots":1,"minecraft:sand":279,"minecraft:dirt":1765,"minecraft:tripwire_hook":2,"minecraft:red_mushroom_block":5,"minecraft:stonecutter":2,"minecraft:netherrack":206,"minecraft:oak_leaves":64,"minecraft:deepslate":23,"minecraft:tuff":9,"minecraft:mossy_cobblestone":1,"minecraft:dark_oak_leaves":3,"minecraft:deepslate_diamond_ore":1,"minecraft:dark_oak_log":41,"minecraft:end_stone":214,"minecraft:shulker_box":11,"minecraft:cobbled_deepslate_slab":2,"minecraft:crimson_roots":1,"minecraft:redstone_wire":1,"minecraft:spruce_leaves":33,"minecraft:cartography_table":1,"minecraft:hay_block":81,"minecraft:redstone_ore":3,"minecraft:oak_trapdoor":2,"minecraft:furnace":1,"minecraft:spruce_sapling":24,"minecraft:carrots":17,"minecraft:andesite":26,"minecraft:bell":5,"minecraft:bookshelf":7,"minecraft:potatoes":10,"minecraft:deepslate_iron_ore":5,"minecraft:cobblestone_slab":27,"minecraft:rail":257,"minecraft:lantern":4,"minecraft:stripped_oak_log":16,"minecraft:chorus_plant":6,"minecraft:stone":770,"minecraft:bone_block":30,"minecraft:ender_chest":2,"minecraft:smithing_table":5,"minecraft:podzol":7,"minecraft:oak_slab":17,"minecraft:glass_pane":6,"minecraft:magenta_stained_glass":2,"minecraft:infested_stone_bricks":2,"minecraft:dandelion":2,"minecraft:oak_fence":79,"minecraft:crafting_table":11,"minecraft:short_grass":107,"minecraft:lectern":12,"minecraft:stone_slab":4,"minecraft:purpur_pillar":6,"minecraft:copper_ore":3,"minecraft:deepslate_gold_ore":14,"minecraft:lapis_ore":2,"minecraft:diorite":36,"minecraft:spruce_stairs":9,"minecraft:spruce_log":477,"minecraft:yellow_bed":21,"minecraft:coal_ore":222,"minecraft:gravel":47,"minecraft:dripstone_block":3,"minecraft:cobweb":37,"minecraft:cracked_stone_bricks":9,"minecraft:stone_bricks":14,"minecraft:mossy_stone_bricks":6,"minecraft:gold_ore":16}},"DataVersion":3953}