{"stats":{"minecraft:killed":{"minecraft:spider":12,"minecraft:skeleton":9,"minecraft:pig":12,"minecraft:iron_golem":2,"minecraft:creeper":1,"minecraft:sheep":5,"minecraft:pillager":4,"minecraft:zombie":56,"minecraft:cow":24,"minecraft:phantom":1,"minecraft:villager":1},"minecraft:used":{"minecraft:iron_shovel":254,"minecraft:spruce_slab":208,"minecraft:poppy":2,"minecraft:chest":10,"minecraft:shield":67,"minecraft:iron_sword":88,"minecraft:bell":6,"minecraft:carrot":29,"minecraft:furnace_minecart":1,"minecraft:tuff":9,"minecraft:spruce_boat":8,"minecraft:glass":282,"minecraft:lava_bucket":3,"minecraft:lantern":11,"minecraft:bow":1,"minecraft:dark_oak_boat":16,"minecraft:furnace":2,"minecraft:oak_sapling":4,"minecraft:beetroot_seeds":1,"minecraft:egg":1,"minecraft:potato":22,"minecraft:stone_pickaxe":130,"minecraft:oak_planks":6,"minecraft:wooden_pickaxe":12,"minecraft:composter":1,"minecraft:sugar_cane":75,"minecraft:sand":1,"minecraft:blast_furnace":2,"minecraft:dripstone_block":3,"minecraft:shears":1,"minecraft:lever":1,"minecraft:bread":86,"minecraft:string":13,"minecraft:lectern":16,"minecraft:oak_pressure_plate":2,"minecraft:gravel":21,"minecraft:grindstone":3,"minecraft:smithing_table":3,"minecraft:andesite":8,"minecraft:bone_meal":21,"minecraft:golden_pickaxe":32,"minecraft:oak_trapdoor":6,"minecraft:oak_fence":54,"minecraft:enchanting_table":1,"minecraft:stone_sword":41,"minecraft:stone_shovel":1364,"minecraft:spruce_planks":181,"minecraft:stone_hoe":88,"minecraft:cooked_chicken":1,"minecraft:oak_door":1,"minecraft:orange_bed":3,"minecraft:torch":17,"minecraft:dirt":1516,"minecraft:hopper":9,"minecraft:spruce_stairs":53,"minecraft:granite":7,"minecraft:wooden_axe":39,"minecraft:bookshelf":10,"minecraft:iron_axe":436,"minecraft:tripwire_hook":4,"minecraft:minecart":18,"minecraft:cooked_beef":27,"minecraft:cobbled_deepslate":25,"minecraft:wheat_seeds":6,"minecraft:water_bucket":171,"minecraft:cobblestone_stairs":43,"minecraft:spruce_sign":19,"minecraft:stonecutter":1,"minecraft:fletching_table":2,"minecraft:cobblestone_slab":46,"minecraft:rail":223,"minecraft:oak_slab":20,"minecraft:crafting_table":8,"minecraft:white_bed":7,"minecraft:spruce_log":2,"minecraft:smoker":4,"minecraft:iron_pickaxe":868,"minecraft:spruce_trapdoor":2,"minecraft:spruce_sapling":4,"minecraft:stone_axe":193,"minecraft:cobblestone":215,"minecraft:cooked_porkchop":7,"minecraft:bucket":175,"minecraft:yellow_bed":16},"minecraft:crafted":{"minecraft:grindstone":1,"minecraft:oak_planks":236,"minecraft:cobblestone_slab":84,"minecraft:cobblestone_stairs":40,"minecraft:stone":3,"minecraft:lever":1,"minecraft:bookshelf":15,"minecraft:hopper":13,"minecraft:glass":316,"minecraft:bow":16,"minecraft:iron_boots":1,"minecraft:chest":22,"minecraft:rail":64,"minecraft:stone_hoe":1,"minecraft:name_tag":1,"minecraft:furnace_minecart":1,"minecraft:oak_slab":6,"minecraft:emerald":443,"minecraft:crafting_table":4,"minecraft:spruce_planks":728,"minecraft:iron_helmet":1,"minecraft:wooden_pickaxe":1,"minecraft:raw_gold_block":2,"minecraft:smithing_table":2,"minecraft:fletching_table":1,"minecraft:cartography_table":1,"minecraft:spruce_trapdoor":2,"minecraft:lectern":5,"minecraft:book":22,"minecraft:iron_chestplate":1,"minecraft:paper":144,"minecraft:emerald_block":12,"minecraft:shield":2,"minecraft:stick":1148,"minecraft:stone_slab":6,"minecraft:iron_ingot":1169,"minecraft:compass":5,"minecraft:iron_pickaxe":4,"minecraft:iron_block":114,"minecraft:composter":1,"minecraft:cherry_planks":92,"minecraft:stone_shovel":11,"minecraft:furnace":2,"minecraft:yellow_bed":1,"minecraft:bone_meal":21,"minecraft:diamond_block":3,"minecraft:oak_trapdoor":4,"minecraft:lantern":12,"minecraft:spruce_stairs":44,"minecraft:iron_axe":23,"minecraft:spruce_slab":246,"minecraft:stone_pickaxe":1,"minecraft:spruce_boat":1,"minecraft:redstone_block":14,"minecraft:dark_oak_planks":164,"minecraft:minecart":4,"minecraft:wheat":315,"minecraft:cooked_beef":18,"minecraft:spruce_sign":9,"minecraft:iron_sword":1,"minecraft:bucket":1,"minecraft:stone_axe":21,"minecraft:enchanted_book":4,"minecraft:bread":93,"minecraft:air":0,"minecraft:wooden_axe":1,"minecraft:iron_shovel":1,"minecraft:iron_leggings":1,"minecraft:white_bed":1,"minecraft:torch":4,"minecraft:lapis_block":12},"minecraft:dropped":{"minecraft:porkchop":28,"minecraft:ominous_bottle":1,"minecraft:cooked_beef":7,"minecraft:dark_oak_sapling":1,"minecraft:cooked_porkchop":1,"minecraft:lantern":2,"minecraft:rail":1,"minecraft:emerald":36,"minecraft:flint":5,"minecraft:dirt":223,"minecraft:mutton":4,"minecraft:iron_pickaxe":1,"minecraft:dark_oak_planks":11,"minecraft:dark_oak_boat":1,"minecraft:white_wool":3,"minecraft:bone":9,"minecraft:gravel":12,"minecraft:stone_axe":20,"minecraft:compass":5,"minecraft:sugar_cane":1,"minecraft:wheat":4,"minecraft:pointed_dripstone":24,"minecraft:rotten_flesh":31,"minecraft:oak_planks":16,"minecraft:poppy":2,"minecraft:gunpowder":4,"minecraft:beetroot_seeds":4,"minecraft:glass":1,"minecraft:arrow":10,"minecraft:beef":19,"minecraft:iron_ingot":12,"minecraft:wheat_seeds":104,"minecraft:clock":2,"minecraft:dripstone_block":52,"minecraft:oak_fence":102,"minecraft:cobblestone":9,"minecraft:granite":26,"minecraft:coal":61,"minecraft:stick":1,"minecraft:ink_sac":3,"minecraft:wooden_axe":1,"minecraft:iron_axe":33,"minecraft:string":17,"minecraft:dandelion":5,"minecraft:stone_sword":2,"minecraft:raw_iron":36,"minecraft:chicken":2,"minecraft:cobblestone_slab":6,"minecraft:shield":3,"minecraft:spruce_planks":73,"minecraft:diamond_pickaxe":1,"minecraft:andesite":30,"minecraft:spider_eye":4,"minecraft:spruce_log":64,"minecraft:bow":15,"minecraft:wooden_pickaxe":1},"minecraft:killed_by":{"minecraft:creeper":1,"minecraft:zombie":2,"minecraft:iron_golem":1,"minecraft:skeleton":2},"minecraft:broken":{"minecraft:golden_helmet":1,"minecraft:iron_shovel":1,"minecraft:stone_pickaxe":1,"minecraft:stone_axe":2,"minecraft:stone_shovel":10,"minecraft:stone_sword":1,"minecraft:iron_axe":2,"minecraft:iron_pickaxe":4,"minecraft:golden_pickaxe":1},"minecraft:mined":{"minecraft:spruce_planks":58,"minecraft:white_bed":6,"minecraft:farmland":1,"minecraft:cobblestone_stairs":9,"minecraft:granite":17,"minecraft:grass_block":681,"minecraft:iron_ore":80,"minecraft:cobbled_deepslate":7,"minecraft:fletching_table":1,"minecraft:deepslate_lapis_ore":6,"minecraft:enchanting_table":1,"minecraft:pointed_dripstone":1,"minecraft:dirt_path":149,"minecraft:oak_stairs":3,"minecraft:spruce_slab":20,"minecraft:tripwire":8,"minecraft:orange_bed":3,"minecraft:deepslate_redstone_ore":27,"minecraft:smoker":5,"minecraft:torch":5,"minecraft:blast_furnace":3,"minecraft:poppy":1,"minecraft:chest":1,"minecraft:spruce_wall_sign":7,"minecraft:glass":25,"minecraft:cobblestone":69,"minecraft:sugar_cane":127,"minecraft:grindstone":2,"minecraft:oak_planks":95,"minecraft:wall_torch":1,"minecraft:white_terracotta":31,"minecraft:wheat":37,"minecraft:oak_log":39,"minecraft:beetroots":1,"minecraft:sand":271,"minecraft:dirt":1232,"minecraft:tripwire_hook":2,"minecraft:red_mushroom_block":5,"minecraft:stonecutter":2,"minecraft:netherrack":1,"minecraft:oak_leaves":44,"minecraft:deepslate":23,"minecraft:tuff":9,"minecraft:mossy_cobblestone":1,"minecraft:dark_oak_leaves":3,"minecraft:deepslate_diamond_ore":1,"minecraft:dark_oak_log":41,"minecraft:spruce_leaves":1,"minecraft:cartography_table":1,"minecraft:hay_block":35,"minecraft:redstone_ore":3,"minecraft:oak_trapdoor":2,"minecraft:furnace":1,"minecraft:carrots":17,"minecraft:andesite":8,"minecraft:bell":5,"minecraft:potatoes":10,"minecraft:deepslate_iron_ore":5,"minecraft:cobblestone_slab":7,"minecraft:rail":155,"minecraft:lantern":1,"minecraft:stripped_oak_log":16,"minecraft:stone":355,"minecraft:smithing_table":1,"minecraft:oak_slab":9,"minecraft:glass_pane":5,"minecraft:dandelion":2,"minecraft:oak_fence":76,"minecraft:crafting_table":4,"minecraft:short_grass":88,"minecraft:lectern":11,"minecraft:lapis_ore":2,"minecraft:deepslate_gold_ore":14,"minecraft:spruce_stairs":9,"minecraft:spruce_log":109,"minecraft:yellow_bed":19,"minecraft:coal_ore":152,"minecraft:gravel":37,"minecraft:dripstone_block":3,"minecraft:gold_ore":10},"minecraft:picked_up":{"minecraft:wooden_axe":3,"minecraft:iron_chestplate":1,"minecraft:wheat":14,"minecraft:smithing_table":1,"minecraft:lead":4,"minecraft:diamond_sword":3,"minecraft:oak_stairs":53,"minecraft:enchanted_book":2,"minecraft:string":1822,"minecraft:raw_copper":23,"minecraft:iron_leggings":1,"minecraft:deepslate_tiles":45,"minecraft:gold_nugget":40,"minecraft:cobbled_deepslate":64,"minecraft:spruce_planks":355,"minecraft:cobblestone_slab":25,"minecraft:iron_pickaxe":5,"minecraft:iron_boots":1,"minecraft:furnace":2,"minecraft:golden_helmet":4,"minecraft:stick":42,"minecraft:oak_fence":157,"minecraft:torch":13,"minecraft:spruce_stairs":9,"minecraft:porkchop":28,"minecraft:cherry_log":23,"minecraft:pointed_dripstone":34,"minecraft:orange_bed":3,"minecraft:stone_sword":5,"minecraft:rotten_flesh":101,"minecraft:white_terracotta":31,"minecraft:cobblestone":906,"minecraft:enchanting_table":1,"minecraft:furnace_minecart":3,"minecraft:cooked_beef":58,"minecraft:water_bucket":7,"minecraft:andesite":53,"minecraft:dark_oak_boat":19,"minecraft:smoker":7,"minecraft:potato":22,"minecraft:flint":6,"minecraft:tuff":43,"minecraft:lapis_lazuli":112,"minecraft:dirt":2918,"minecraft:lantern":1,"minecraft:glass":6,"minecraft:bone":13,"minecraft:stonecutter":4,"minecraft:bow":10,"minecraft:wheat_seeds":133,"minecraft:raw_gold":24,"minecraft:bell":5,"minecraft:grindstone":2,"minecraft:fletching_table":1,"minecraft:stone_hoe":2,"minecraft:oak_planks":136,"minecraft:cooked_porkchop":14,"minecraft:oak_pressure_plate":2,"minecraft:sand":269,"minecraft:ink_sac":3,"minecraft:dark_oak_log":41,"minecraft:mossy_cobblestone":5,"minecraft:diamond":13,"minecraft:spruce_boat":10,"minecraft:crossbow":1,"minecraft:granite":33,"minecraft:bread":152,"minecraft:spruce_sign":7,"minecraft:emerald":50,"minecraft:oak_sapling":4,"minecraft:diamond_pickaxe":3,"minecraft:crafting_table":5,"minecraft:ominous_bottle":2,"minecraft:chicken":2,"minecraft:wooden_pickaxe":3,"minecraft:shield":7,"minecraft:oak_trapdoor":2,"minecraft:iron_axe":15,"minecraft:cartography_table":2,"minecraft:beef":60,"minecraft:lectern":11,"minecraft:poppy":5,"minecraft:spruce_slab":79,"minecraft:minecart":17,"minecraft:sugar_cane":222,"minecraft:chest":1,"minecraft:raw_copper_block":2,"minecraft:egg":1,"minecraft:dark_oak_sapling":1,"minecraft:raw_iron":171,"minecraft:oak_door":2,"minecraft:carrot":29,"minecraft:redstone":134,"minecraft:dark_oak_planks":22,"minecraft:arrow":28,"minecraft:stone_shovel":6,"minecraft:beetroot_seeds":5,"minecraft:shears":6,"minecraft:deepslate_bricks":23,"minecraft:hay_block":35,"minecraft:mutton":8,"minecraft:rail":225,"minecraft:white_wool":8,"minecraft:stripped_oak_log":16,"minecraft:clock":2,"minecraft:tripwire_hook":4,"minecraft:leather":22,"minecraft:oak_log":43,"minecraft:yellow_bed":19,"minecraft:gunpowder":4,"minecraft:cobblestone_stairs":21,"minecraft:white_banner":1,"minecraft:iron_ingot":123,"minecraft:stone_pickaxe":3,"minecraft:cooked_chicken":1,"minecraft:oak_slab":15,"minecraft:dandelion":5,"minecraft:dripstone_block":100,"minecraft:gravel":33,"minecraft:spruce_sapling":10,"minecraft:blast_furnace":3,"minecraft:white_bed":6,"minecraft:spruce_log":334,"minecraft:spider_eye":8,"minecraft:stone_axe":3,"minecraft:iron_helmet":1,"minecraft:diamond_axe":2,"minecraft:melon_seeds":4,"minecraft:coal":215},"minecraft:custom":{"minecraft:animals_bred":21,"minecraft:interact_with_crafting_table":127,"minecraft:bell_ring":60,"minecraft:leave_game":3,"minecraft:time_since_death":215692,"minecraft:sprint_one_cm":1358023,"minecraft:damage_blocked_by_shield":3614,"minecraft:drop":210,"minecraft:talked_to_villager":204,"minecraft:play_time":642917,"minecraft:deaths":6,"minecraft:jump":6975,"minecraft:walk_on_water_one_cm":152289,"minecraft:interact_with_furnace":121,"minecraft:traded_with_villager":438,"minecraft:sleep_in_bed":14,"minecraft:damage_dealt":23451,"minecraft:crouch_one_cm":321656,"minecraft:interact_with_smoker":4,"minecraft:horse_one_cm":1082,"minecraft:interact_with_anvil":2,"minecraft:mob_kills":132,"minecraft:inspect_hopper":8,"minecraft:climb_one_cm":14641,"minecraft:walk_one_cm":1222482,"minecraft:sneak_time":89605,"minecraft:walk_under_water_one_cm":63925,"minecraft:boat_one_cm":24505,"minecraft:interact_with_blast_furnace":15,"minecraft:total_world_time":642917,"minecraft:time_since_rest":82589,"minecraft:damage_taken":7085,"minecraft:swim_one_cm":74615,"minecraft:fly_one_cm":1383774,"minecraft:open_chest":246,"minecraft:fall_one_cm":138663}},"DataVersion":3953}