{"stats":{"minecraft:dropped":{"minecraft:porkchop":28,"minecraft:ominous_bottle":1,"minecraft:cooked_beef":7,"minecraft:dark_oak_sapling":1,"minecraft:cooked_porkchop":1,"minecraft:rail":1,"minecraft:flint":4,"minecraft:dirt":221,"minecraft:mutton":4,"minecraft:iron_pickaxe":1,"minecraft:dark_oak_planks":11,"minecraft:dark_oak_boat":1,"minecraft:white_wool":2,"minecraft:bone":7,"minecraft:gravel":6,"minecraft:wheat":4,"minecraft:pointed_dripstone":18,"minecraft:rotten_flesh":29,"minecraft:oak_planks":16,"minecraft:poppy":2,"minecraft:gunpowder":4,"minecraft:beetroot_seeds":4,"minecraft:beef":19,"minecraft:arrow":10,"minecraft:glass":1,"minecraft:iron_ingot":12,"minecraft:wheat_seeds":92,"minecraft:clock":2,"minecraft:dripstone_block":8,"minecraft:oak_fence":102,"minecraft:cobblestone":9,"minecraft:granite":16,"minecraft:coal":61,"minecraft:stick":1,"minecraft:ink_sac":3,"minecraft:wooden_axe":1,"minecraft:string":12,"minecraft:dandelion":5,"minecraft:stone_sword":2,"minecraft:raw_iron":36,"minecraft:chicken":2,"minecraft:cobblestone_slab":6,"minecraft:shield":2,"minecraft:spruce_planks":70,"minecraft:andesite":30,"minecraft:spider_eye":2,"minecraft:spruce_log":64,"minecraft:bow":15,"minecraft:wooden_pickaxe":1},"minecraft:crafted":{"minecraft:oak_planks":236,"minecraft:cobblestone_slab":78,"minecraft:cobblestone_stairs":40,"minecraft:lever":1,"minecraft:hopper":9,"minecraft:glass":268,"minecraft:bow":16,"minecraft:iron_boots":1,"minecraft:chest":17,"minecraft:rail":64,"minecraft:stone_hoe":1,"minecraft:furnace_minecart":1,"minecraft:oak_slab":6,"minecraft:emerald":107,"minecraft:crafting_table":3,"minecraft:spruce_planks":684,"minecraft:wooden_pickaxe":1,"minecraft:iron_helmet":1,"minecraft:fletching_table":1,"minecraft:spruce_trapdoor":2,"minecraft:iron_chestplate":1,"minecraft:emerald_block":10,"minecraft:shield":2,"minecraft:stick":1132,"minecraft:iron_ingot":165,"minecraft:iron_pickaxe":3,"minecraft:iron_block":9,"minecraft:composter":1,"minecraft:cherry_planks":92,"minecraft:stone_shovel":8,"minecraft:furnace":2,"minecraft:yellow_bed":1,"minecraft:diamond_block":2,"minecraft:oak_trapdoor":4,"minecraft:spruce_stairs":40,"minecraft:iron_axe":3,"minecraft:spruce_slab":216,"minecraft:stone_pickaxe":1,"minecraft:spruce_boat":1,"minecraft:dark_oak_planks":164,"minecraft:minecart":4,"minecraft:wheat":315,"minecraft:cooked_beef":18,"minecraft:spruce_sign":9,"minecraft:iron_sword":1,"minecraft:bucket":1,"minecraft:stone_axe":1,"minecraft:bread":93,"minecraft:air":0,"minecraft:wooden_axe":1,"minecraft:iron_shovel":1,"minecraft:iron_leggings":1,"minecraft:white_bed":1,"minecraft:torch":4},"minecraft:mined":{"minecraft:spruce_planks":53,"minecraft:white_bed":6,"minecraft:farmland":1,"minecraft:cobblestone_stairs":9,"minecraft:granite":5,"minecraft:grass_block":352,"minecraft:iron_ore":54,"minecraft:cobbled_deepslate":7,"minecraft:fletching_table":1,"minecraft:pointed_dripstone":1,"minecraft:dirt_path":70,"minecraft:oak_stairs":3,"minecraft:spruce_slab":12,"minecraft:tripwire":8,"minecraft:orange_bed":2,"minecraft:smoker":5,"minecraft:torch":5,"minecraft:blast_furnace":3,"minecraft:poppy":1,"minecraft:chest":1,"minecraft:spruce_wall_sign":7,"minecraft:glass":14,"minecraft:cobblestone":42,"minecraft:sugar_cane":16,"minecraft:oak_planks":95,"minecraft:wall_torch":1,"minecraft:white_terracotta":31,"minecraft:wheat":37,"minecraft:oak_log":39,"minecraft:beetroots":1,"minecraft:sand":271,"minecraft:dirt":909,"minecraft:tripwire_hook":2,"minecraft:red_mushroom_block":5,"minecraft:stonecutter":2,"minecraft:netherrack":1,"minecraft:oak_leaves":44,"minecraft:mossy_cobblestone":1,"minecraft:dark_oak_leaves":3,"minecraft:dark_oak_log":41,"minecraft:cartography_table":1,"minecraft:hay_block":35,"minecraft:oak_trapdoor":2,"minecraft:furnace":1,"minecraft:carrots":17,"minecraft:bell":5,"minecraft:potatoes":10,"minecraft:cobblestone_slab":7,"minecraft:deepslate_iron_ore":5,"minecraft:rail":148,"minecraft:stripped_oak_log":16,"minecraft:stone":249,"minecraft:oak_slab":9,"minecraft:glass_pane":5,"minecraft:dandelion":2,"minecraft:crafting_table":2,"minecraft:oak_fence":76,"minecraft:short_grass":77,"minecraft:lapis_ore":1,"minecraft:spruce_stairs":9,"minecraft:spruce_log":103,"minecraft:yellow_bed":16,"minecraft:coal_ore":85,"minecraft:gravel":31,"minecraft:gold_ore":6},"minecraft:picked_up":{"minecraft:wooden_axe":3,"minecraft:wheat":14,"minecraft:lead":2,"minecraft:diamond_sword":2,"minecraft:oak_stairs":53,"minecraft:string":812,"minecraft:raw_copper":23,"minecraft:deepslate_tiles":45,"minecraft:gold_nugget":40,"minecraft:cobbled_deepslate":41,"minecraft:spruce_planks":310,"minecraft:cobblestone_slab":25,"minecraft:iron_pickaxe":5,"minecraft:furnace":2,"minecraft:golden_helmet":4,"minecraft:stick":15,"minecraft:oak_fence":157,"minecraft:torch":13,"minecraft:spruce_stairs":9,"minecraft:porkchop":28,"minecraft:cherry_log":23,"minecraft:pointed_dripstone":28,"minecraft:orange_bed":2,"minecraft:stone_sword":5,"minecraft:rotten_flesh":71,"minecraft:white_terracotta":31,"minecraft:cobblestone":774,"minecraft:furnace_minecart":3,"minecraft:cooked_beef":58,"minecraft:water_bucket":7,"minecraft:andesite":45,"minecraft:dark_oak_boat":19,"minecraft:smoker":7,"minecraft:potato":22,"minecraft:flint":6,"minecraft:tuff":34,"minecraft:dirt":2209,"minecraft:lapis_lazuli":63,"minecraft:glass":6,"minecraft:bone":11,"minecraft:stonecutter":4,"minecraft:bow":9,"minecraft:wheat_seeds":120,"minecraft:raw_gold":6,"minecraft:bell":5,"minecraft:fletching_table":1,"minecraft:stone_hoe":2,"minecraft:oak_planks":131,"minecraft:cooked_porkchop":14,"minecraft:oak_pressure_plate":2,"minecraft:sand":269,"minecraft:ink_sac":3,"minecraft:dark_oak_log":41,"minecraft:mossy_cobblestone":5,"minecraft:diamond":12,"minecraft:spruce_boat":10,"minecraft:crossbow":1,"minecraft:granite":21,"minecraft:bread":152,"minecraft:spruce_sign":7,"minecraft:emerald":5,"minecraft:oak_sapling":4,"minecraft:diamond_pickaxe":1,"minecraft:crafting_table":3,"minecraft:ominous_bottle":2,"minecraft:chicken":2,"minecraft:wooden_pickaxe":3,"minecraft:shield":5,"minecraft:oak_trapdoor":2,"minecraft:iron_axe":2,"minecraft:cartography_table":2,"minecraft:beef":41,"minecraft:poppy":5,"minecraft:spruce_slab":71,"minecraft:minecart":17,"minecraft:sugar_cane":37,"minecraft:chest":1,"minecraft:raw_copper_block":2,"minecraft:egg":1,"minecraft:dark_oak_sapling":1,"minecraft:raw_iron":145,"minecraft:oak_door":2,"minecraft:carrot":28,"minecraft:dark_oak_planks":22,"minecraft:arrow":28,"minecraft:stone_shovel":6,"minecraft:beetroot_seeds":5,"minecraft:shears":5,"minecraft:deepslate_bricks":23,"minecraft:hay_block":35,"minecraft:mutton":8,"minecraft:rail":218,"minecraft:white_wool":7,"minecraft:stripped_oak_log":16,"minecraft:clock":2,"minecraft:tripwire_hook":4,"minecraft:leather":15,"minecraft:oak_log":43,"minecraft:yellow_bed":16,"minecraft:gunpowder":4,"minecraft:cobblestone_stairs":21,"minecraft:white_banner":1,"minecraft:iron_ingot":39,"minecraft:stone_pickaxe":3,"minecraft:cooked_chicken":1,"minecraft:oak_slab":15,"minecraft:dandelion":5,"minecraft:dripstone_block":98,"minecraft:gravel":27,"minecraft:spruce_sapling":7,"minecraft:blast_furnace":3,"minecraft:white_bed":6,"minecraft:spruce_log":328,"minecraft:spider_eye":5,"minecraft:stone_axe":3,"minecraft:diamond_axe":1,"minecraft:melon_seeds":4,"minecraft:coal":148},"minecraft:killed":{"minecraft:spider":7,"minecraft:skeleton":6,"minecraft:pig":12,"minecraft:iron_golem":2,"minecraft:sheep":5,"minecraft:pillager":4,"minecraft:zombie":41,"minecraft:cow":16,"minecraft:villager":1},"minecraft:custom":{"minecraft:animals_bred":21,"minecraft:interact_with_crafting_table":68,"minecraft:bell_ring":57,"minecraft:leave_game":3,"minecraft:time_since_death":14849,"minecraft:sprint_one_cm":1004239,"minecraft:damage_blocked_by_shield":3087,"minecraft:drop":127,"minecraft:talked_to_villager":55,"minecraft:play_time":442074,"minecraft:deaths":6,"minecraft:jump":5452,"minecraft:walk_on_water_one_cm":92887,"minecraft:interact_with_furnace":107,"minecraft:traded_with_villager":96,"minecraft:sleep_in_bed":10,"minecraft:damage_dealt":17573,"minecraft:crouch_one_cm":254826,"minecraft:interact_with_smoker":4,"minecraft:horse_one_cm":1082,"minecraft:mob_kills":99,"minecraft:inspect_hopper":7,"minecraft:climb_one_cm":13101,"minecraft:walk_one_cm":857023,"minecraft:sneak_time":70019,"minecraft:walk_under_water_one_cm":30265,"minecraft:boat_one_cm":24505,"minecraft:interact_with_blast_furnace":9,"minecraft:total_world_time":442074,"minecraft:time_since_rest":14881,"minecraft:damage_taken":6033,"minecraft:swim_one_cm":48995,"minecraft:fly_one_cm":1122088,"minecraft:open_chest":108,"minecraft:fall_one_cm":114617},"minecraft:used":{"minecraft:iron_shovel":254,"minecraft:spruce_slab":191,"minecraft:poppy":2,"minecraft:chest":9,"minecraft:shield":56,"minecraft:iron_sword":4,"minecraft:bell":5,"minecraft:carrot":28,"minecraft:furnace_minecart":1,"minecraft:spruce_boat":8,"minecraft:glass":266,"minecraft:lava_bucket":3,"minecraft:bow":1,"minecraft:dark_oak_boat":14,"minecraft:furnace":2,"minecraft:oak_sapling":4,"minecraft:beetroot_seeds":1,"minecraft:egg":1,"minecraft:potato":22,"minecraft:stone_pickaxe":130,"minecraft:oak_planks":5,"minecraft:wooden_pickaxe":12,"minecraft:composter":1,"minecraft:sugar_cane":37,"minecraft:sand":1,"minecraft:blast_furnace":2,"minecraft:dripstone_block":1,"minecraft:shears":1,"minecraft:lever":1,"minecraft:bread":56,"minecraft:string":13,"minecraft:oak_pressure_plate":2,"minecraft:gravel":21,"minecraft:golden_pickaxe":32,"minecraft:oak_trapdoor":6,"minecraft:oak_fence":54,"minecraft:stone_sword":41,"minecraft:stone_shovel":876,"minecraft:spruce_planks":179,"minecraft:stone_hoe":88,"minecraft:cooked_chicken":1,"minecraft:oak_door":1,"minecraft:orange_bed":2,"minecraft:torch":17,"minecraft:dirt":1082,"minecraft:hopper":9,"minecraft:spruce_stairs":49,"minecraft:granite":5,"minecraft:wooden_axe":39,"minecraft:iron_axe":391,"minecraft:tripwire_hook":4,"minecraft:minecart":18,"minecraft:cooked_beef":26,"minecraft:cobbled_deepslate":2,"minecraft:wheat_seeds":6,"minecraft:water_bucket":69,"minecraft:cobblestone_stairs":43,"minecraft:spruce_sign":19,"minecraft:fletching_table":2,"minecraft:stonecutter":1,"minecraft:cobblestone_slab":40,"minecraft:rail":216,"minecraft:oak_slab":20,"minecraft:crafting_table":5,"minecraft:white_bed":7,"minecraft:spruce_log":2,"minecraft:smoker":4,"minecraft:iron_pickaxe":518,"minecraft:spruce_trapdoor":2,"minecraft:spruce_sapling":4,"minecraft:stone_axe":192,"minecraft:cobblestone":90,"minecraft:cooked_porkchop":7,"minecraft:bucket":72,"minecraft:yellow_bed":13},"minecraft:broken":{"minecraft:golden_helmet":1,"minecraft:iron_shovel":1,"minecraft:stone_pickaxe":1,"minecraft:stone_axe":2,"minecraft:stone_shovel":7,"minecraft:stone_sword":1,"minecraft:iron_axe":2,"minecraft:iron_pickaxe":3,"minecraft:golden_pickaxe":1},"minecraft:killed_by":{"minecraft:creeper":1,"minecraft:zombie":2,"minecraft:iron_golem":1,"minecraft:skeleton":2}},"DataVersion":3953}