{"stats":{"minecraft:dropped":{"minecraft:iron_ingot":5,"minecraft:porkchop":28,"minecraft:wheat_seeds":84,"minecraft:cooked_beef":7,"minecraft:dark_oak_sapling":1,"minecraft:cooked_porkchop":1,"minecraft:oak_fence":102,"minecraft:cobblestone":7,"minecraft:granite":2,"minecraft:coal":58,"minecraft:flint":4,"minecraft:stick":1,"minecraft:dirt":111,"minecraft:mutton":4,"minecraft:wooden_axe":1,"minecraft:string":9,"minecraft:dark_oak_planks":11,"minecraft:dark_oak_boat":1,"minecraft:bone":3,"minecraft:dandelion":3,"minecraft:gravel":4,"minecraft:stone_sword":1,"minecraft:wheat":4,"minecraft:pointed_dripstone":6,"minecraft:raw_iron":12,"minecraft:chicken":2,"minecraft:rotten_flesh":1,"minecraft:oak_planks":16,"minecraft:shield":1,"minecraft:gunpowder":4,"minecraft:spider_eye":2,"minecraft:wooden_pickaxe":1,"minecraft:bow":15,"minecraft:beef":19,"minecraft:arrow":2},"minecraft:killed":{"minecraft:spider":3,"minecraft:skeleton":3,"minecraft:pig":12,"minecraft:iron_golem":2,"minecraft:sheep":3,"minecraft:zombie":10,"minecraft:cow":11},"minecraft:killed_by":{"minecraft:creeper":1,"minecraft:iron_golem":1,"minecraft:skeleton":1},"minecraft:custom":{"minecraft:mob_kills":47,"minecraft:animals_bred":21,"minecraft:interact_with_crafting_table":22,"minecraft:bell_ring":1,"minecraft:leave_game":2,"minecraft:time_since_death":51829,"minecraft:climb_one_cm":8132,"minecraft:sprint_one_cm":475162,"minecraft:walk_one_cm":323966,"minecraft:damage_blocked_by_shield":945,"minecraft:drop":65,"minecraft:talked_to_villager":47,"minecraft:play_time":188710,"minecraft:sneak_time":27588,"minecraft:deaths":3,"minecraft:walk_under_water_one_cm":12658,"minecraft:jump":2593,"minecraft:walk_on_water_one_cm":22705,"minecraft:total_world_time":188710,"minecraft:interact_with_furnace":50,"minecraft:traded_with_villager":96,"minecraft:sleep_in_bed":7,"minecraft:time_since_rest":17012,"minecraft:damage_taken":2288,"minecraft:damage_dealt":8205,"minecraft:swim_one_cm":37221,"minecraft:fly_one_cm":604341,"minecraft:open_chest":25,"minecraft:crouch_one_cm":103351,"minecraft:interact_with_smoker":3,"minecraft:fall_one_cm":66919,"minecraft:horse_one_cm":1082},"minecraft:mined":{"minecraft:white_bed":4,"minecraft:mossy_cobblestone":1,"minecraft:dark_oak_leaves":3,"minecraft:dark_oak_log":41,"minecraft:granite":5,"minecraft:grass_block":152,"minecraft:cartography_table":1,"minecraft:hay_block":35,"minecraft:oak_trapdoor":2,"minecraft:carrots":12,"minecraft:furnace":1,"minecraft:iron_ore":54,"minecraft:fletching_table":1,"minecraft:bell":2,"minecraft:potatoes":5,"minecraft:dirt_path":43,"minecraft:pointed_dripstone":1,"minecraft:deepslate_iron_ore":5,"minecraft:rail":17,"minecraft:oak_stairs":3,"minecraft:stripped_oak_log":16,"minecraft:stone":131,"minecraft:orange_bed":1,"minecraft:tripwire":8,"minecraft:glass_pane":3,"minecraft:smoker":3,"minecraft:oak_fence":76,"minecraft:crafting_table":2,"minecraft:torch":3,"minecraft:short_grass":64,"minecraft:blast_furnace":1,"minecraft:chest":1,"minecraft:glass":2,"minecraft:cobblestone":13,"minecraft:lapis_ore":1,"minecraft:sugar_cane":16,"minecraft:oak_planks":91,"minecraft:white_terracotta":31,"minecraft:wheat":37,"minecraft:yellow_bed":11,"minecraft:coal_ore":85,"minecraft:oak_log":36,"minecraft:beetroots":1,"minecraft:gravel":31,"minecraft:sand":160,"minecraft:dirt":514,"minecraft:tripwire_hook":2,"minecraft:red_mushroom_block":5,"minecraft:netherrack":1,"minecraft:gold_ore":6,"minecraft:oak_leaves":44},"minecraft:crafted":{"minecraft:cherry_planks":92,"minecraft:oak_planks":224,"minecraft:stone_shovel":5,"minecraft:furnace":1,"minecraft:lever":1,"minecraft:oak_trapdoor":2,"minecraft:glass":158,"minecraft:bow":16,"minecraft:iron_axe":1,"minecraft:stone_pickaxe":1,"minecraft:dark_oak_planks":164,"minecraft:minecart":1,"minecraft:wheat":36,"minecraft:cooked_beef":8,"minecraft:emerald":107,"minecraft:crafting_table":1,"minecraft:spruce_planks":24,"minecraft:wooden_pickaxe":1,"minecraft:fletching_table":1,"minecraft:stone_axe":1,"minecraft:air":0,"minecraft:emerald_block":3,"minecraft:shield":1,"minecraft:stick":1116,"minecraft:iron_ingot":88,"minecraft:iron_pickaxe":1,"minecraft:wooden_axe":1,"minecraft:iron_block":8,"minecraft:iron_shovel":1},"minecraft:broken":{"minecraft:stone_axe":1,"minecraft:golden_pickaxe":1,"minecraft:stone_shovel":4},"minecraft:used":{"minecraft:oak_fence":54,"minecraft:oak_trapdoor":4,"minecraft:iron_shovel":166,"minecraft:stone_shovel":628,"minecraft:poppy":2,"minecraft:chest":1,"minecraft:shield":14,"minecraft:bell":2,"minecraft:cooked_chicken":1,"minecraft:orange_bed":1,"minecraft:torch":8,"minecraft:dirt":192,"minecraft:granite":5,"minecraft:glass":101,"minecraft:wooden_axe":39,"minecraft:iron_axe":192,"minecraft:tripwire_hook":4,"minecraft:furnace":2,"minecraft:oak_sapling":4,"minecraft:beetroot_seeds":1,"minecraft:egg":1,"minecraft:cooked_beef":15,"minecraft:cobbled_deepslate":2,"minecraft:wheat_seeds":6,"minecraft:water_bucket":2,"minecraft:stone_pickaxe":95,"minecraft:oak_planks":2,"minecraft:wooden_pickaxe":12,"minecraft:fletching_table":2,"minecraft:sugar_cane":37,"minecraft:sand":1,"minecraft:crafting_table":3,"minecraft:blast_furnace":1,"minecraft:dripstone_block":1,"minecraft:white_bed":3,"minecraft:shears":1,"minecraft:smoker":3,"minecraft:lever":1,"minecraft:bread":3,"minecraft:string":13,"minecraft:iron_pickaxe":225,"minecraft:oak_pressure_plate":1,"minecraft:gravel":21,"minecraft:stone_axe":152,"minecraft:cobblestone":82,"minecraft:cooked_porkchop":7,"minecraft:bucket":2,"minecraft:yellow_bed":8,"minecraft:golden_pickaxe":32},"minecraft:picked_up":{"minecraft:wooden_axe":3,"minecraft:crafting_table":2,"minecraft:wheat":14,"minecraft:chicken":2,"minecraft:wooden_pickaxe":3,"minecraft:oak_stairs":3,"minecraft:shield":2,"minecraft:oak_trapdoor":2,"minecraft:string":804,"minecraft:iron_axe":2,"minecraft:cartography_table":2,"minecraft:cobbled_deepslate":2,"minecraft:beef":31,"minecraft:poppy":3,"minecraft:iron_pickaxe":2,"minecraft:sugar_cane":37,"minecraft:chest":1,"minecraft:furnace":1,"minecraft:egg":1,"minecraft:golden_helmet":3,"minecraft:dark_oak_sapling":1,"minecraft:stick":2,"minecraft:raw_iron":97,"minecraft:oak_door":1,"minecraft:oak_fence":156,"minecraft:torch":8,"minecraft:porkchop":28,"minecraft:cherry_log":23,"minecraft:pointed_dripstone":10,"minecraft:carrot":12,"minecraft:dark_oak_planks":22,"minecraft:orange_bed":1,"minecraft:stone_sword":2,"minecraft:arrow":6,"minecraft:rotten_flesh":10,"minecraft:stone_shovel":2,"minecraft:beetroot_seeds":1,"minecraft:shears":3,"minecraft:hay_block":35,"minecraft:white_terracotta":31,"minecraft:mutton":4,"minecraft:white_wool":3,"minecraft:rail":57,"minecraft:cobblestone":164,"minecraft:stripped_oak_log":16,"minecraft:cooked_beef":58,"minecraft:tripwire_hook":4,"minecraft:water_bucket":3,"minecraft:leather":10,"minecraft:dark_oak_boat":2,"minecraft:smoker":3,"minecraft:potato":5,"minecraft:flint":5,"minecraft:oak_log":40,"minecraft:yellow_bed":10,"minecraft:gunpowder":4,"minecraft:lapis_lazuli":5,"minecraft:dirt":1232,"minecraft:bone":4,"minecraft:bow":1,"minecraft:wheat_seeds":112,"minecraft:raw_gold":6,"minecraft:bell":2,"minecraft:iron_ingot":18,"minecraft:stone_pickaxe":3,"minecraft:cooked_chicken":1,"minecraft:fletching_table":1,"minecraft:oak_planks":92,"minecraft:cooked_porkchop":14,"minecraft:dandelion":3,"minecraft:oak_pressure_plate":1,"minecraft:dripstone_block":1,"minecraft:gravel":26,"minecraft:sand":159,"minecraft:blast_furnace":1,"minecraft:white_bed":4,"minecraft:spruce_log":6,"minecraft:dark_oak_log":41,"minecraft:spider_eye":5,"minecraft:mossy_cobblestone":1,"minecraft:stone_axe":2,"minecraft:granite":7,"minecraft:emerald":5,"minecraft:bread":14,"minecraft:oak_sapling":4,"minecraft:coal":145}},"DataVersion":3953}