{"stats":{"minecraft:dropped":{"minecraft:iron_ingot":5,"minecraft:porkchop":28,"minecraft:wheat_seeds":84,"minecraft:cooked_beef":7,"minecraft:dark_oak_sapling":1,"minecraft:cooked_porkchop":1,"minecraft:oak_fence":102,"minecraft:cobblestone":8,"minecraft:granite":2,"minecraft:coal":58,"minecraft:flint":4,"minecraft:stick":1,"minecraft:dirt":111,"minecraft:ink_sac":3,"minecraft:mutton":4,"minecraft:wooden_axe":1,"minecraft:iron_pickaxe":1,"minecraft:string":9,"minecraft:dark_oak_planks":11,"minecraft:dark_oak_boat":1,"minecraft:bone":3,"minecraft:dandelion":3,"minecraft:gravel":6,"minecraft:stone_sword":2,"minecraft:wheat":4,"minecraft:pointed_dripstone":6,"minecraft:raw_iron":12,"minecraft:chicken":2,"minecraft:rotten_flesh":15,"minecraft:oak_planks":16,"minecraft:shield":1,"minecraft:gunpowder":4,"minecraft:spider_eye":2,"minecraft:wooden_pickaxe":1,"minecraft:bow":15,"minecraft:beef":19,"minecraft:arrow":2},"minecraft:killed":{"minecraft:spider":3,"minecraft:skeleton":3,"minecraft:pig":12,"minecraft:iron_golem":2,"minecraft:sheep":3,"minecraft:zombie":13,"minecraft:cow":11},"minecraft:killed_by":{"minecraft:creeper":1,"minecraft:iron_golem":1,"minecraft:skeleton":1},"minecraft:custom":{"minecraft:mob_kills":50,"minecraft:animals_bred":21,"minecraft:interact_with_crafting_table":38,"minecraft:bell_ring":38,"minecraft:leave_game":2,"minecraft:time_since_death":135829,"minecraft:climb_one_cm":11839,"minecraft:sprint_one_cm":620905,"minecraft:walk_one_cm":477448,"minecraft:damage_blocked_by_shield":945,"minecraft:drop":74,"minecraft:talked_to_villager":47,"minecraft:play_time":272710,"minecraft:sneak_time":39666,"minecraft:deaths":3,"minecraft:walk_under_water_one_cm":13407,"minecraft:jump":3317,"minecraft:walk_on_water_one_cm":27097,"minecraft:total_world_time":272710,"minecraft:interact_with_furnace":61,"minecraft:traded_with_villager":96,"minecraft:sleep_in_bed":8,"minecraft:time_since_rest":16177,"minecraft:damage_taken":2636,"minecraft:damage_dealt":8827,"minecraft:swim_one_cm":40097,"minecraft:fly_one_cm":760783,"minecraft:open_chest":38,"minecraft:crouch_one_cm":153395,"minecraft:interact_with_smoker":3,"minecraft:fall_one_cm":81441,"minecraft:horse_one_cm":1082},"minecraft:mined":{"minecraft:white_bed":6,"minecraft:farmland":1,"minecraft:mossy_cobblestone":1,"minecraft:dark_oak_leaves":3,"minecraft:cobblestone_stairs":3,"minecraft:dark_oak_log":41,"minecraft:granite":5,"minecraft:grass_block":158,"minecraft:cartography_table":1,"minecraft:hay_block":35,"minecraft:oak_trapdoor":2,"minecraft:carrots":17,"minecraft:furnace":1,"minecraft:iron_ore":54,"minecraft:cobbled_deepslate":7,"minecraft:fletching_table":1,"minecraft:bell":3,"minecraft:cobblestone_slab":1,"minecraft:potatoes":10,"minecraft:dirt_path":47,"minecraft:pointed_dripstone":1,"minecraft:deepslate_iron_ore":5,"minecraft:rail":87,"minecraft:oak_stairs":3,"minecraft:stripped_oak_log":16,"minecraft:stone":199,"minecraft:orange_bed":2,"minecraft:tripwire":8,"minecraft:oak_slab":1,"minecraft:glass_pane":3,"minecraft:smoker":4,"minecraft:oak_fence":76,"minecraft:crafting_table":2,"minecraft:torch":3,"minecraft:short_grass":65,"minecraft:blast_furnace":2,"minecraft:chest":1,"minecraft:glass":3,"minecraft:cobblestone":19,"minecraft:lapis_ore":1,"minecraft:sugar_cane":16,"minecraft:oak_planks":94,"minecraft:spruce_stairs":9,"minecraft:white_terracotta":31,"minecraft:wheat":37,"minecraft:spruce_log":101,"minecraft:yellow_bed":15,"minecraft:coal_ore":85,"minecraft:oak_log":39,"minecraft:beetroots":1,"minecraft:gravel":31,"minecraft:sand":180,"minecraft:dirt":569,"minecraft:tripwire_hook":2,"minecraft:red_mushroom_block":5,"minecraft:netherrack":1,"minecraft:gold_ore":6,"minecraft:oak_leaves":44},"minecraft:crafted":{"minecraft:cherry_planks":92,"minecraft:cobblestone_slab":78,"minecraft:oak_planks":236,"minecraft:stone_shovel":5,"minecraft:furnace":1,"minecraft:cobblestone_stairs":40,"minecraft:lever":1,"minecraft:oak_trapdoor":4,"minecraft:glass":178,"minecraft:spruce_stairs":40,"minecraft:bow":16,"minecraft:iron_axe":2,"minecraft:spruce_slab":6,"minecraft:stone_pickaxe":1,"minecraft:dark_oak_planks":164,"minecraft:stone_hoe":1,"minecraft:minecart":1,"minecraft:wheat":315,"minecraft:cooked_beef":8,"minecraft:oak_slab":6,"minecraft:emerald":107,"minecraft:crafting_table":2,"minecraft:spruce_planks":428,"minecraft:wooden_pickaxe":1,"minecraft:fletching_table":1,"minecraft:stone_axe":1,"minecraft:bread":93,"minecraft:air":0,"minecraft:spruce_trapdoor":2,"minecraft:emerald_block":3,"minecraft:shield":1,"minecraft:stick":1116,"minecraft:iron_ingot":88,"minecraft:iron_pickaxe":2,"minecraft:wooden_axe":1,"minecraft:iron_block":8,"minecraft:iron_shovel":1,"minecraft:white_bed":1,"minecraft:composter":1,"minecraft:torch":4},"minecraft:broken":{"minecraft:stone_pickaxe":1,"minecraft:iron_axe":1,"minecraft:stone_axe":1,"minecraft:iron_pickaxe":1,"minecraft:golden_pickaxe":1,"minecraft:stone_shovel":4},"minecraft:used":{"minecraft:oak_fence":54,"minecraft:oak_trapdoor":6,"minecraft:iron_shovel":192,"minecraft:stone_shovel":628,"minecraft:poppy":2,"minecraft:spruce_planks":28,"minecraft:chest":1,"minecraft:shield":14,"minecraft:bell":3,"minecraft:stone_hoe":85,"minecraft:cooked_chicken":1,"minecraft:orange_bed":1,"minecraft:torch":12,"minecraft:dirt":374,"minecraft:spruce_stairs":49,"minecraft:carrot":28,"minecraft:granite":5,"minecraft:glass":178,"minecraft:wooden_axe":39,"minecraft:iron_axe":319,"minecraft:tripwire_hook":4,"minecraft:furnace":2,"minecraft:oak_sapling":4,"minecraft:beetroot_seeds":1,"minecraft:minecart":3,"minecraft:egg":1,"minecraft:potato":22,"minecraft:cooked_beef":17,"minecraft:cobbled_deepslate":2,"minecraft:wheat_seeds":6,"minecraft:water_bucket":3,"minecraft:cobblestone_stairs":43,"minecraft:stone_pickaxe":130,"minecraft:oak_planks":5,"minecraft:composter":1,"minecraft:wooden_pickaxe":12,"minecraft:cobblestone_slab":40,"minecraft:fletching_table":2,"minecraft:sugar_cane":37,"minecraft:sand":1,"minecraft:rail":87,"minecraft:oak_slab":6,"minecraft:crafting_table":4,"minecraft:blast_furnace":1,"minecraft:dripstone_block":1,"minecraft:white_bed":7,"minecraft:shears":1,"minecraft:smoker":3,"minecraft:lever":1,"minecraft:bread":13,"minecraft:string":13,"minecraft:iron_pickaxe":348,"minecraft:spruce_trapdoor":2,"minecraft:spruce_sapling":4,"minecraft:oak_pressure_plate":1,"minecraft:gravel":21,"minecraft:stone_axe":152,"minecraft:cobblestone":82,"minecraft:cooked_porkchop":7,"minecraft:bucket":3,"minecraft:yellow_bed":11,"minecraft:golden_pickaxe":32},"minecraft:picked_up":{"minecraft:wooden_axe":3,"minecraft:crafting_table":2,"minecraft:wheat":14,"minecraft:chicken":2,"minecraft:wooden_pickaxe":3,"minecraft:oak_stairs":3,"minecraft:shield":2,"minecraft:oak_trapdoor":2,"minecraft:string":806,"minecraft:iron_axe":2,"minecraft:cartography_table":2,"minecraft:cobbled_deepslate":9,"minecraft:beef":31,"minecraft:cobblestone_slab":1,"minecraft:poppy":3,"minecraft:iron_pickaxe":3,"minecraft:minecart":2,"minecraft:sugar_cane":37,"minecraft:chest":1,"minecraft:furnace":1,"minecraft:egg":1,"minecraft:golden_helmet":3,"minecraft:dark_oak_sapling":1,"minecraft:stick":4,"minecraft:raw_iron":97,"minecraft:oak_door":1,"minecraft:oak_fence":156,"minecraft:torch":8,"minecraft:spruce_stairs":9,"minecraft:porkchop":28,"minecraft:cherry_log":23,"minecraft:pointed_dripstone":10,"minecraft:carrot":28,"minecraft:dark_oak_planks":22,"minecraft:orange_bed":2,"minecraft:stone_sword":3,"minecraft:arrow":6,"minecraft:rotten_flesh":24,"minecraft:stone_shovel":2,"minecraft:beetroot_seeds":1,"minecraft:shears":3,"minecraft:hay_block":35,"minecraft:white_terracotta":31,"minecraft:mutton":4,"minecraft:white_wool":3,"minecraft:rail":129,"minecraft:cobblestone":239,"minecraft:stripped_oak_log":16,"minecraft:cooked_beef":58,"minecraft:tripwire_hook":4,"minecraft:water_bucket":3,"minecraft:leather":10,"minecraft:dark_oak_boat":2,"minecraft:smoker":4,"minecraft:potato":22,"minecraft:flint":5,"minecraft:oak_log":43,"minecraft:cobblestone_stairs":3,"minecraft:yellow_bed":13,"minecraft:gunpowder":4,"minecraft:lapis_lazuli":5,"minecraft:dirt":1293,"minecraft:bone":4,"minecraft:bow":1,"minecraft:wheat_seeds":112,"minecraft:raw_gold":6,"minecraft:bell":3,"minecraft:iron_ingot":18,"minecraft:stone_pickaxe":3,"minecraft:cooked_chicken":1,"minecraft:fletching_table":1,"minecraft:oak_planks":95,"minecraft:oak_slab":1,"minecraft:cooked_porkchop":14,"minecraft:dandelion":3,"minecraft:oak_pressure_plate":1,"minecraft:dripstone_block":1,"minecraft:gravel":27,"minecraft:sand":179,"minecraft:spruce_sapling":4,"minecraft:ink_sac":3,"minecraft:blast_furnace":2,"minecraft:white_bed":6,"minecraft:spruce_log":107,"minecraft:dark_oak_log":41,"minecraft:spider_eye":5,"minecraft:mossy_cobblestone":1,"minecraft:stone_axe":2,"minecraft:granite":7,"minecraft:emerald":5,"minecraft:bread":14,"minecraft:oak_sapling":4,"minecraft:coal":145}},"DataVersion":3953}