{"stats":{"minecraft:custom":{"minecraft:animals_bred":55,"minecraft:interact_with_crafting_table":244,"minecraft:open_shulker_box":84,"minecraft:bell_ring":60,"minecraft:leave_game":8,"minecraft:time_since_death":672103,"minecraft:sprint_one_cm":3214772,"minecraft:damage_blocked_by_shield":9008,"minecraft:drop":548,"minecraft:talked_to_villager":611,"minecraft:play_time":1394803,"minecraft:deaths":8,"minecraft:jump":16009,"minecraft:walk_on_water_one_cm":227847,"minecraft:enchant_item":5,"minecraft:interact_with_furnace":148,"minecraft:traded_with_villager":1652,"minecraft:sleep_in_bed":18,"minecraft:open_enderchest":29,"minecraft:damage_dealt":83432,"minecraft:crouch_one_cm":619880,"minecraft:interact_with_smoker":4,"minecraft:inspect_dispenser":8,"minecraft:horse_one_cm":1082,"minecraft:interact_with_smithing_table":2,"minecraft:interact_with_anvil":27,"minecraft:mob_kills":476,"minecraft:inspect_hopper":44,"minecraft:climb_one_cm":25023,"minecraft:walk_one_cm":2756177,"minecraft:sneak_time":166700,"minecraft:walk_under_water_one_cm":173061,"minecraft:boat_one_cm":39593,"minecraft:interact_with_blast_furnace":18,"minecraft:total_world_time":1394803,"minecraft:interact_with_grindstone":1,"minecraft:interact_with_stonecutter":2,"minecraft:time_since_rest":85181,"minecraft:damage_taken":14830,"minecraft:swim_one_cm":218897,"minecraft:fly_one_cm":5247019,"minecraft:open_chest":794,"minecraft:aviate_one_cm":2169639,"minecraft:fall_one_cm":343694},"minecraft:dropped":{"minecraft:iron_sword":2,"minecraft:porkchop":32,"minecraft:ominous_bottle":1,"minecraft:cooked_beef":7,"minecraft:ender_pearl":30,"minecraft:dark_oak_sapling":1,"minecraft:cooked_porkchop":1,"minecraft:lantern":2,"minecraft:leather":2,"minecraft:cracked_stone_bricks":1,"minecraft:elytra":1,"minecraft:rail":1,"minecraft:emerald":36,"minecraft:flint":10,"minecraft:dirt":1306,"minecraft:mutton":9,"minecraft:crimson_roots":1,"minecraft:bone_block":9,"minecraft:sand":1,"minecraft:bone_meal":16,"minecraft:phantom_membrane":4,"minecraft:iron_pickaxe":1,"minecraft:gold_ingot":8,"minecraft:dark_oak_boat":1,"minecraft:compass":5,"minecraft:dark_oak_planks":11,"minecraft:white_wool":12,"minecraft:gravel":23,"minecraft:bone":23,"minecraft:stone_axe":21,"minecraft:purpur_block":5,"minecraft:sugar_cane":3,"minecraft:cooked_chicken":40,"minecraft:cobbled_deepslate":4,"minecraft:wheat":6,"minecraft:pointed_dripstone":24,"minecraft:obsidian":8,"minecraft:grindstone":1,"minecraft:rotten_flesh":185,"minecraft:oak_planks":16,"minecraft:end_stone":2,"minecraft:poppy":3432,"minecraft:shulker_shell":8,"minecraft:gunpowder":8,"minecraft:beetroot_seeds":33,"minecraft:glowstone":10,"minecraft:leather_leggings":3,"minecraft:spruce_slab":1,"minecraft:glass":21,"minecraft:iron_bars":20,"minecraft:arrow":23,"minecraft:beef":20,"minecraft:netherrack":165,"minecraft:firework_rocket":21,"minecraft:quartz":266,"minecraft:egg":1,"minecraft:enchanted_book":2,"minecraft:lectern":1,"minecraft:iron_ingot":92,"minecraft:wheat_seeds":146,"minecraft:clock":2,"minecraft:smithing_table":1,"minecraft:dripstone_block":52,"minecraft:feather":2,"minecraft:cobblestone":30,"minecraft:oak_fence":106,"minecraft:iron_helmet":1,"minecraft:granite":59,"minecraft:coal":61,"minecraft:stick":37,"minecraft:gray_wool":1,"minecraft:diorite":7,"minecraft:brewing_stand":3,"minecraft:ink_sac":6,"minecraft:torch":3,"minecraft:wooden_axe":1,"minecraft:brown_wool":1,"minecraft:cooked_salmon":8,"minecraft:iron_leggings":1,"minecraft:iron_axe":33,"minecraft:iron_shovel":2,"minecraft:paper":38,"minecraft:string":553,"minecraft:dandelion":17,"minecraft:redstone":10,"minecraft:purpur_pillar":4,"minecraft:dragon_head":1,"minecraft:stone_sword":2,"minecraft:raw_iron":36,"minecraft:chicken":3,"minecraft:light_gray_wool":2,"minecraft:iron_boots":21,"minecraft:ender_eye":1,"minecraft:stone_slab":2,"minecraft:name_tag":1,"minecraft:shulker_box":3,"minecraft:blast_furnace":1,"minecraft:copper_ore":1,"minecraft:diamond_sword":1,"minecraft:cobblestone_slab":10,"minecraft:hay_block":18,"minecraft:stone":6,"minecraft:shield":5,"minecraft:spruce_trapdoor":6,"minecraft:spruce_planks":86,"minecraft:mossy_stone_bricks":1,"minecraft:diamond_pickaxe":2,"minecraft:iron_chestplate":2,"minecraft:andesite":31,"minecraft:golden_sword":1,"minecraft:stone_bricks":8,"minecraft:spider_eye":13,"minecraft:spruce_log":155,"minecraft:bow":31,"minecraft:wooden_pickaxe":1,"minecraft:magma_cream":1},"minecraft:mined":{"minecraft:dragon_wall_head":3,"minecraft:spruce_planks":101,"minecraft:white_bed":7,"minecraft:farmland":1,"minecraft:cobblestone_stairs":9,"minecraft:brewing_stand":13,"minecraft:obsidian":14,"minecraft:spruce_trapdoor":5,"minecraft:granite":60,"minecraft:grass_block":1088,"minecraft:purpur_slab":2,"minecraft:spawner":1,"minecraft:cobbled_deepslate":12,"minecraft:iron_ore":80,"minecraft:fire":2,"minecraft:fletching_table":1,"minecraft:deepslate_lapis_ore":6,"minecraft:enchanting_table":1,"minecraft:pointed_dripstone":1,"minecraft:dirt_path":182,"minecraft:oak_stairs":6,"minecraft:iron_bars":1,"minecraft:end_stone_bricks":10,"minecraft:spruce_slab":24,"minecraft:tripwire":12,"minecraft:orange_bed":4,"minecraft:deepslate_redstone_ore":33,"minecraft:kelp_plant":1,"minecraft:smoker":5,"minecraft:crimson_nylium":1,"minecraft:soul_fire":20,"minecraft:purpur_stairs":4,"minecraft:torch":7,"minecraft:blast_furnace":11,"minecraft:poppy":1,"minecraft:chest":17,"minecraft:spruce_wall_sign":7,"minecraft:glass":59,"minecraft:nether_quartz_ore":189,"minecraft:cobblestone":510,"minecraft:oak_planks":103,"minecraft:grindstone":3,"minecraft:sugar_cane":127,"minecraft:iron_door":8,"minecraft:wall_torch":4,"minecraft:white_terracotta":31,"minecraft:wheat":37,"minecraft:stripped_oak_wood":1,"minecraft:purpur_block":56,"minecraft:oak_log":64,"minecraft:beetroots":1,"minecraft:sand":279,"minecraft:dirt":2269,"minecraft:tripwire_hook":2,"minecraft:red_mushroom_block":5,"minecraft:stonecutter":2,"minecraft:netherrack":206,"minecraft:oak_leaves":64,"minecraft:deepslate":71,"minecraft:tuff":9,"minecraft:mossy_cobblestone":1,"minecraft:dark_oak_leaves":3,"minecraft:deepslate_diamond_ore":1,"minecraft:dark_oak_log":41,"minecraft:end_stone":214,"minecraft:shulker_box":31,"minecraft:cobbled_deepslate_slab":2,"minecraft:crimson_roots":1,"minecraft:redstone_wire":1,"minecraft:spruce_leaves":272,"minecraft:cartography_table":1,"minecraft:hay_block":81,"minecraft:redstone_ore":3,"minecraft:oak_trapdoor":2,"minecraft:furnace":1,"minecraft:spruce_sapling":24,"minecraft:carrots":17,"minecraft:andesite":37,"minecraft:bell":5,"minecraft:bookshelf":7,"minecraft:potatoes":10,"minecraft:deepslate_iron_ore":5,"minecraft:cobblestone_slab":27,"minecraft:rail":257,"minecraft:lantern":4,"minecraft:stripped_oak_log":16,"minecraft:chorus_plant":6,"minecraft:stone":1746,"minecraft:bone_block":30,"minecraft:ender_chest":7,"minecraft:smithing_table":5,"minecraft:podzol":7,"minecraft:oak_slab":17,"minecraft:glass_pane":6,"minecraft:magenta_stained_glass":4,"minecraft:infested_stone_bricks":2,"minecraft:dandelion":3,"minecraft:oak_fence":79,"minecraft:crafting_table":11,"minecraft:short_grass":114,"minecraft:lectern":12,"minecraft:tall_grass":2,"minecraft:stone_slab":4,"minecraft:purpur_pillar":9,"minecraft:copper_ore":4,"minecraft:deepslate_gold_ore":14,"minecraft:lapis_ore":2,"minecraft:diorite":41,"minecraft:spruce_stairs":9,"minecraft:spruce_log":477,"minecraft:yellow_bed":21,"minecraft:coal_ore":222,"minecraft:end_rod":1,"minecraft:gravel":59,"minecraft:dripstone_block":3,"minecraft:cobweb":37,"minecraft:cracked_stone_bricks":9,"minecraft:stone_bricks":14,"minecraft:mossy_stone_bricks":6,"minecraft:gold_ore":16},"minecraft:crafted":{"minecraft:ender_chest":1,"minecraft:grindstone":1,"minecraft:oak_planks":360,"minecraft:cobblestone_slab":216,"minecraft:blaze_powder":30,"minecraft:stone":3,"minecraft:cobblestone_stairs":40,"minecraft:lever":2,"minecraft:diamond_shovel":1,"minecraft:bookshelf":53,"minecraft:shulker_box":6,"minecraft:iron_bars":16,"minecraft:glass":440,"minecraft:hopper":22,"minecraft:diamond_leggings":1,"minecraft:bow":16,"minecraft:iron_boots":3,"minecraft:chest":30,"minecraft:rail":144,"minecraft:stone_hoe":1,"minecraft:ender_eye":14,"minecraft:name_tag":2,"minecraft:furnace_minecart":2,"minecraft:oak_slab":6,"minecraft:emerald":1522,"minecraft:cooked_porkchop":16,"minecraft:crafting_table":4,"minecraft:spruce_planks":924,"minecraft:wooden_pickaxe":1,"minecraft:iron_helmet":2,"minecraft:raw_gold_block":2,"minecraft:smithing_table":2,"minecraft:fletching_table":1,"minecraft:hay_block":18,"minecraft:cartography_table":1,"minecraft:spruce_trapdoor":12,"minecraft:lectern":5,"minecraft:iron_chestplate":2,"minecraft:book":22,"minecraft:paper":144,"minecraft:diamond_pickaxe":2,"minecraft:emerald_block":14,"minecraft:shield":4,"minecraft:stick":1424,"minecraft:stone_slab":6,"minecraft:iron_ingot":3797,"minecraft:compass":5,"minecraft:iron_pickaxe":4,"minecraft:iron_block":1028,"minecraft:shears":1,"minecraft:composter":1,"minecraft:cherry_planks":92,"minecraft:redstone":22,"minecraft:stone_shovel":12,"minecraft:experience_bottle":1,"minecraft:furnace":3,"minecraft:yellow_bed":1,"minecraft:bone_meal":129,"minecraft:white_carpet":144,"minecraft:oak_trapdoor":4,"minecraft:diamond_block":3,"minecraft:flint_and_steel":1,"minecraft:lantern":36,"minecraft:spruce_stairs":60,"minecraft:iron_axe":25,"minecraft:ladder":108,"minecraft:spruce_slab":246,"minecraft:ender_pearl":14,"minecraft:stone_pickaxe":1,"minecraft:diamond_boots":1,"minecraft:spruce_boat":1,"minecraft:redstone_block":14,"minecraft:dark_oak_planks":164,"minecraft:minecart":4,"minecraft:wheat":747,"minecraft:cooked_beef":56,"minecraft:coal_block":15,"minecraft:diamond_sword":2,"minecraft:spruce_sign":9,"minecraft:iron_sword":2,"minecraft:bucket":3,"minecraft:stone_axe":22,"minecraft:glowstone":19,"minecraft:enchanted_book":19,"minecraft:air":0,"minecraft:bread":147,"minecraft:oak_boat":1,"minecraft:white_wool":112,"minecraft:oak_stairs":4,"minecraft:wooden_axe":1,"minecraft:iron_shovel":1,"minecraft:iron_leggings":2,"minecraft:anvil":3,"minecraft:white_bed":5,"minecraft:torch":8,"minecraft:lapis_lazuli":30,"minecraft:lapis_block":13,"minecraft:firework_rocket":84},"minecraft:broken":{"minecraft:golden_helmet":1,"minecraft:iron_shovel":1,"minecraft:shears":1,"minecraft:stone_pickaxe":1,"minecraft:stone_axe":2,"minecraft:stone_shovel":11,"minecraft:stone_sword":1,"minecraft:shield":1,"minecraft:iron_axe":3,"minecraft:iron_pickaxe":4,"minecraft:golden_pickaxe":1},"minecraft:picked_up":{"minecraft:iron_chestplate":2,"minecraft:wheat":20,"minecraft:ender_chest":5,"minecraft:stone_slab":5,"minecraft:smithing_table":5,"minecraft:lead":4,"minecraft:diamond_sword":4,"minecraft:oak_stairs":56,"minecraft:enchanted_book":6,"minecraft:potion":8,"minecraft:brewing_stand":16,"minecraft:golden_sword":1,"minecraft:string":2077,"minecraft:soul_soil":11,"minecraft:raw_copper":41,"minecraft:cooked_salmon":8,"minecraft:smooth_stone_slab":1,"minecraft:iron_leggings":4,"minecraft:deepslate_tiles":45,"minecraft:gold_nugget":40,"minecraft:cobbled_deepslate":122,"minecraft:spruce_planks":404,"minecraft:cobblestone_slab":144,"minecraft:iron_pickaxe":7,"minecraft:iron_boots":12,"minecraft:furnace":2,"minecraft:golden_helmet":4,"minecraft:stick":102,"minecraft:oak_fence":162,"minecraft:torch":27,"minecraft:purpur_pillar":8,"minecraft:spruce_stairs":9,"minecraft:porkchop":48,"minecraft:cherry_log":23,"minecraft:pointed_dripstone":34,"minecraft:diorite":13,"minecraft:orange_bed":4,"minecraft:stone_sword":5,"minecraft:rotten_flesh":238,"minecraft:glowstone":15,"minecraft:end_rod":1,"minecraft:white_terracotta":31,"minecraft:blaze_rod":15,"minecraft:obsidian":28,"minecraft:iron_bars":30,"minecraft:cobblestone":1833,"minecraft:furnace_minecart":9,"minecraft:enchanting_table":1,"minecraft:feather":2,"minecraft:cooked_beef":58,"minecraft:repeater":1,"minecraft:magma_cream":1,"minecraft:water_bucket":7,"minecraft:iron_door":3,"minecraft:andesite":82,"minecraft:brown_wool":1,"minecraft:dark_oak_boat":28,"minecraft:smoker":7,"minecraft:potato":22,"minecraft:flint":13,"minecraft:tuff":43,"minecraft:dirt":4847,"minecraft:lapis_lazuli":112,"minecraft:lantern":4,"minecraft:name_tag":3,"minecraft:glass":102,"minecraft:bone":31,"minecraft:stonecutter":4,"minecraft:bow":15,"minecraft:wheat_seeds":149,"minecraft:raw_gold":38,"minecraft:cobbled_deepslate_slab":3,"minecraft:bell":5,"minecraft:grindstone":3,"minecraft:fletching_table":1,"minecraft:mossy_stone_bricks":4,"minecraft:diamond_helmet":1,"minecraft:stone_hoe":2,"minecraft:oak_planks":198,"minecraft:cooked_porkchop":14,"minecraft:oak_pressure_plate":2,"minecraft:sand":276,"minecraft:ink_sac":6,"minecraft:grass_block":1,"minecraft:dark_oak_log":41,"minecraft:shulker_box":32,"minecraft:mossy_cobblestone":5,"minecraft:spruce_leaves":230,"minecraft:diamond":13,"minecraft:spruce_boat":10,"minecraft:crossbow":1,"minecraft:granite":86,"minecraft:spruce_sign":7,"minecraft:bread":156,"minecraft:emerald":70,"minecraft:oak_sapling":4,"minecraft:chorus_fruit":11,"minecraft:netherrack":183,"minecraft:crimson_roots":1,"minecraft:diamond_pickaxe":6,"minecraft:end_stone_bricks":9,"minecraft:crafting_table":15,"minecraft:ominous_bottle":2,"minecraft:chicken":3,"minecraft:leather_leggings":2,"minecraft:wooden_pickaxe":3,"minecraft:dragon_head":3,"minecraft:purpur_block":55,"minecraft:shield":8,"minecraft:oak_trapdoor":2,"minecraft:elytra":4,"minecraft:iron_axe":16,"minecraft:flint_and_steel":1,"minecraft:iron_shovel":4,"minecraft:cracked_stone_bricks":3,"minecraft:cartography_table":2,"minecraft:beef":89,"minecraft:oak_boat":3,"minecraft:minecart":25,"minecraft:spruce_slab":81,"minecraft:poppy":5,"minecraft:light_gray_wool":2,"minecraft:lectern":12,"minecraft:spruce_trapdoor":6,"minecraft:sugar_cane":224,"minecraft:chest":17,"minecraft:copper_ore":1,"minecraft:phantom_membrane":3,"minecraft:raw_copper_block":2,"minecraft:egg":27,"minecraft:dark_oak_sapling":1,"minecraft:raw_iron":171,"minecraft:end_stone":214,"minecraft:stone":949,"minecraft:oak_door":2,"minecraft:carrot":29,"minecraft:redstone":182,"minecraft:iron_horse_armor":1,"minecraft:dark_oak_planks":22,"minecraft:arrow":48,"minecraft:diamond_chestplate":1,"minecraft:stone_shovel":6,"minecraft:beetroot_seeds":34,"minecraft:shears":6,"minecraft:deepslate_bricks":23,"minecraft:purpur_slab":2,"minecraft:hay_block":117,"minecraft:saddle":1,"minecraft:gold_ingot":13,"minecraft:mutton":35,"minecraft:bone_block":39,"minecraft:white_wool":20,"minecraft:rail":371,"minecraft:stripped_oak_log":16,"minecraft:clock":2,"minecraft:tripwire_hook":4,"minecraft:salmon":11,"minecraft:leather":42,"minecraft:purpur_stairs":4,"minecraft:oak_log":71,"minecraft:yellow_bed":21,"minecraft:gunpowder":38,"minecraft:cobblestone_stairs":21,"minecraft:paper":46,"minecraft:white_banner":1,"minecraft:stone_bricks":24,"minecraft:stone_pickaxe":3,"minecraft:iron_ingot":203,"minecraft:cooked_chicken":41,"minecraft:stripped_oak_wood":1,"minecraft:iron_sword":2,"minecraft:soul_sand":1,"minecraft:book":21,"minecraft:oak_slab":23,"minecraft:quartz":394,"minecraft:dandelion":17,"minecraft:dripstone_block":100,"minecraft:gravel":55,"minecraft:spruce_sapling":86,"minecraft:blast_furnace":11,"minecraft:white_bed":10,"minecraft:spruce_log":727,"minecraft:dragon_egg":1,"minecraft:spider_eye":21,"minecraft:coal_ore":3,"minecraft:stone_axe":3,"minecraft:iron_helmet":2,"minecraft:diamond_axe":2,"minecraft:gray_wool":1,"minecraft:melon_seeds":4,"minecraft:black_wool":3,"minecraft:coal":370,"minecraft:wooden_axe":3,"minecraft:ender_pearl":46,"minecraft:shulker_shell":41},"minecraft:killed_by":{"minecraft:creeper":1,"minecraft:zombie":2,"minecraft:iron_golem":1,"minecraft:skeleton":2},"minecraft:killed":{"minecraft:cave_spider":39,"minecraft:witch":1,"minecraft:spider":21,"minecraft:shulker":54,"minecraft:skeleton":20,"minecraft:chicken":3,"minecraft:silverfish":4,"minecraft:cat":1,"minecraft:magma_cube":4,"minecraft:piglin":9,"minecraft:pig":20,"minecraft:zombie_villager":16,"minecraft:salmon":22,"minecraft:iron_golem":5,"minecraft:ender_dragon":1,"minecraft:creeper":13,"minecraft:sheep":24,"minecraft:pillager":4,"minecraft:zombie":112,"minecraft:blaze":17,"minecraft:cow":37,"minecraft:phantom":12,"minecraft:hoglin":1,"minecraft:villager":5,"minecraft:enderman":17},"minecraft:used":{"minecraft:iron_shovel":254,"minecraft:bone_block":12,"minecraft:spruce_slab":208,"minecraft:poppy":2,"minecraft:elytra":48,"minecraft:chest":16,"minecraft:shield":153,"minecraft:stone":17,"minecraft:iron_sword":171,"minecraft:bell":6,"minecraft:carrot":29,"minecraft:furnace_minecart":6,"minecraft:tuff":9,"minecraft:obsidian":14,"minecraft:spruce_boat":8,"minecraft:glass":418,"minecraft:lava_bucket":5,"minecraft:coal_ore":3,"minecraft:grass_block":1,"minecraft:lantern":38,"minecraft:stone_bricks":16,"minecraft:repeater":1,"minecraft:bow":20,"minecraft:dark_oak_boat":23,"minecraft:oak_sapling":4,"minecraft:furnace":2,"minecraft:beetroot_seeds":1,"minecraft:egg":26,"minecraft:potato":22,"minecraft:dragon_head":2,"minecraft:end_rod":1,"minecraft:mossy_stone_bricks":3,"minecraft:diamond_boots":2,"minecraft:diorite":6,"minecraft:end_stone_bricks":9,"minecraft:stone_pickaxe":130,"minecraft:oak_planks":19,"minecraft:ender_pearl":12,"minecraft:wooden_pickaxe":12,"minecraft:composter":1,"minecraft:sugar_cane":75,"minecraft:purpur_pillar":4,"minecraft:sand":7,"minecraft:purpur_stairs":4,"minecraft:blast_furnace":9,"minecraft:dripstone_block":3,"minecraft:shears":239,"minecraft:end_stone":212,"minecraft:lever":2,"minecraft:firework_rocket":48,"minecraft:string":17,"minecraft:bread":161,"minecraft:lectern":16,"minecraft:oak_pressure_plate":2,"minecraft:gravel":32,"minecraft:fire_charge":1,"minecraft:diamond_sword":892,"minecraft:grindstone":3,"minecraft:smithing_table":6,"minecraft:andesite":36,"minecraft:oak_boat":3,"minecraft:smooth_stone_slab":1,"minecraft:golden_pickaxe":32,"minecraft:bone_meal":113,"minecraft:experience_bottle":1,"minecraft:oak_fence":55,"minecraft:oak_trapdoor":6,"minecraft:purpur_block":50,"minecraft:enchanting_table":1,"minecraft:stone_sword":41,"minecraft:flint_and_steel":2,"minecraft:stone_shovel":1495,"minecraft:redstone":3,"minecraft:spruce_planks":191,"minecraft:ender_chest":5,"minecraft:stone_hoe":88,"minecraft:cooked_chicken":28,"minecraft:netherrack":13,"minecraft:oak_door":1,"minecraft:orange_bed":4,"minecraft:torch":32,"minecraft:brewing_stand":10,"minecraft:dirt":2673,"minecraft:anvil":3,"minecraft:hopper":13,"minecraft:spruce_stairs":69,"minecraft:shulker_box":31,"minecraft:diamond_helmet":1,"minecraft:granite":27,"minecraft:wooden_axe":39,"minecraft:bookshelf":48,"minecraft:iron_block":1,"minecraft:iron_axe":967,"minecraft:oak_stairs":10,"minecraft:tripwire_hook":4,"minecraft:diamond_chestplate":46,"minecraft:glowstone":5,"minecraft:soul_soil":11,"minecraft:minecart":25,"minecraft:cooked_beef":65,"minecraft:cobbled_deepslate":78,"minecraft:wheat_seeds":7,"minecraft:water_bucket":238,"minecraft:cobblestone_stairs":43,"minecraft:spruce_sign":19,"minecraft:stonecutter":1,"minecraft:fletching_table":2,"minecraft:cobblestone_slab":191,"minecraft:cracked_stone_bricks":2,"minecraft:rail":343,"minecraft:crafting_table":16,"minecraft:oak_slab":40,"minecraft:white_bed":12,"minecraft:smoker":4,"minecraft:spruce_log":5,"minecraft:ender_eye":9,"minecraft:diamond_pickaxe":3009,"minecraft:diamond_shovel":1116,"minecraft:iron_pickaxe":929,"minecraft:stone_slab":8,"minecraft:purpur_slab":2,"minecraft:spruce_trapdoor":2,"minecraft:spruce_sapling":83,"minecraft:stone_axe":193,"minecraft:cobblestone":1020,"minecraft:cobbled_deepslate_slab":6,"minecraft:cooked_porkchop":23,"minecraft:bucket":246,"minecraft:yellow_bed":18}},"DataVersion":3953}