{"stats":{"minecraft:killed_by":{"minecraft:creeper":1,"minecraft:iron_golem":1,"minecraft:skeleton":1},"minecraft:custom":{"minecraft:mob_kills":79,"minecraft:animals_bred":21,"minecraft:interact_with_crafting_table":54,"minecraft:bell_ring":39,"minecraft:leave_game":2,"minecraft:time_since_death":198493,"minecraft:climb_one_cm":12827,"minecraft:sprint_one_cm":781090,"minecraft:walk_one_cm":630110,"minecraft:damage_blocked_by_shield":1674,"minecraft:drop":98,"minecraft:talked_to_villager":47,"minecraft:play_time":335374,"minecraft:deaths":3,"minecraft:sneak_time":54839,"minecraft:walk_under_water_one_cm":13722,"minecraft:jump":4254,"minecraft:walk_on_water_one_cm":74310,"minecraft:total_world_time":335374,"minecraft:interact_with_furnace":84,"minecraft:traded_with_villager":96,"minecraft:sleep_in_bed":10,"minecraft:time_since_rest":2438,"minecraft:damage_taken":3780,"minecraft:damage_dealt":13909,"minecraft:swim_one_cm":40788,"minecraft:fly_one_cm":932093,"minecraft:open_chest":60,"minecraft:crouch_one_cm":216351,"minecraft:interact_with_smoker":4,"minecraft:fall_one_cm":96994,"minecraft:horse_one_cm":1082},"minecraft:picked_up":{"minecraft:wooden_axe":3,"minecraft:crafting_table":2,"minecraft:wheat":14,"minecraft:diamond_sword":1,"minecraft:lead":2,"minecraft:ominous_bottle":2,"minecraft:chicken":2,"minecraft:wooden_pickaxe":3,"minecraft:oak_stairs":53,"minecraft:shield":2,"minecraft:raw_copper":23,"minecraft:oak_trapdoor":2,"minecraft:string":808,"minecraft:iron_axe":2,"minecraft:deepslate_tiles":15,"minecraft:cartography_table":2,"minecraft:cobbled_deepslate":9,"minecraft:spruce_planks":146,"minecraft:beef":41,"minecraft:cobblestone_slab":1,"minecraft:spruce_slab":10,"minecraft:poppy":3,"minecraft:iron_pickaxe":3,"minecraft:minecart":3,"minecraft:sugar_cane":37,"minecraft:chest":1,"minecraft:furnace":1,"minecraft:egg":1,"minecraft:dark_oak_sapling":1,"minecraft:golden_helmet":3,"minecraft:raw_iron":97,"minecraft:stick":7,"minecraft:oak_door":2,"minecraft:oak_fence":156,"minecraft:torch":13,"minecraft:spruce_stairs":9,"minecraft:porkchop":28,"minecraft:cherry_log":23,"minecraft:pointed_dripstone":10,"minecraft:carrot":28,"minecraft:dark_oak_planks":22,"minecraft:orange_bed":2,"minecraft:stone_shovel":2,"minecraft:arrow":8,"minecraft:rotten_flesh":32,"minecraft:stone_sword":4,"minecraft:beetroot_seeds":1,"minecraft:shears":3,"minecraft:deepslate_bricks":23,"minecraft:hay_block":35,"minecraft:white_terracotta":31,"minecraft:mutton":8,"minecraft:white_wool":5,"minecraft:rail":142,"minecraft:cobblestone":464,"minecraft:stripped_oak_log":16,"minecraft:cooked_beef":58,"minecraft:andesite":30,"minecraft:tripwire_hook":4,"minecraft:water_bucket":3,"minecraft:leather":15,"minecraft:dark_oak_boat":2,"minecraft:smoker":4,"minecraft:potato":22,"minecraft:flint":5,"minecraft:tuff":2,"minecraft:oak_log":43,"minecraft:yellow_bed":13,"minecraft:gunpowder":4,"minecraft:cobblestone_stairs":3,"minecraft:lapis_lazuli":45,"minecraft:dirt":1966,"minecraft:white_banner":1,"minecraft:glass":4,"minecraft:bone":8,"minecraft:bow":2,"minecraft:wheat_seeds":115,"minecraft:raw_gold":6,"minecraft:bell":3,"minecraft:iron_ingot":22,"minecraft:stone_pickaxe":3,"minecraft:cooked_chicken":1,"minecraft:fletching_table":1,"minecraft:oak_planks":130,"minecraft:oak_slab":8,"minecraft:cooked_porkchop":14,"minecraft:dandelion":4,"minecraft:oak_pressure_plate":1,"minecraft:dripstone_block":1,"minecraft:gravel":27,"minecraft:sand":269,"minecraft:spruce_sapling":7,"minecraft:blast_furnace":2,"minecraft:ink_sac":3,"minecraft:white_bed":6,"minecraft:spruce_log":305,"minecraft:dark_oak_log":41,"minecraft:spider_eye":5,"minecraft:mossy_cobblestone":5,"minecraft:stone_axe":3,"minecraft:diamond_axe":1,"minecraft:crossbow":1,"minecraft:granite":7,"minecraft:bread":14,"minecraft:emerald":5,"minecraft:oak_sapling":4,"minecraft:coal":148},"minecraft:crafted":{"minecraft:cherry_planks":92,"minecraft:oak_planks":236,"minecraft:cobblestone_slab":78,"minecraft:stone_shovel":8,"minecraft:furnace":1,"minecraft:yellow_bed":1,"minecraft:cobblestone_stairs":40,"minecraft:lever":1,"minecraft:oak_trapdoor":4,"minecraft:hopper":9,"minecraft:glass":258,"minecraft:spruce_stairs":40,"minecraft:bow":16,"minecraft:iron_axe":2,"minecraft:spruce_slab":216,"minecraft:stone_pickaxe":1,"minecraft:chest":15,"minecraft:rail":64,"minecraft:dark_oak_planks":164,"minecraft:stone_hoe":1,"minecraft:wheat":315,"minecraft:minecart":1,"minecraft:cooked_beef":8,"minecraft:oak_slab":6,"minecraft:emerald":107,"minecraft:spruce_sign":9,"minecraft:crafting_table":3,"minecraft:spruce_planks":660,"minecraft:wooden_pickaxe":1,"minecraft:fletching_table":1,"minecraft:bucket":1,"minecraft:stone_axe":1,"minecraft:bread":93,"minecraft:air":0,"minecraft:spruce_trapdoor":2,"minecraft:emerald_block":3,"minecraft:shield":2,"minecraft:stick":1128,"minecraft:iron_ingot":160,"minecraft:iron_pickaxe":2,"minecraft:wooden_axe":1,"minecraft:iron_block":8,"minecraft:iron_shovel":1,"minecraft:white_bed":1,"minecraft:composter":1,"minecraft:torch":4},"minecraft:used":{"minecraft:oak_fence":54,"minecraft:oak_trapdoor":6,"minecraft:iron_shovel":254,"minecraft:spruce_slab":190,"minecraft:stone_shovel":835,"minecraft:poppy":2,"minecraft:chest":7,"minecraft:spruce_planks":121,"minecraft:shield":25,"minecraft:bell":3,"minecraft:cooked_chicken":1,"minecraft:stone_hoe":85,"minecraft:oak_door":1,"minecraft:orange_bed":2,"minecraft:torch":17,"minecraft:dirt":934,"minecraft:hopper":9,"minecraft:spruce_stairs":49,"minecraft:carrot":28,"minecraft:granite":5,"minecraft:glass":257,"minecraft:wooden_axe":39,"minecraft:iron_axe":391,"minecraft:tripwire_hook":4,"minecraft:furnace":2,"minecraft:oak_sapling":4,"minecraft:beetroot_seeds":1,"minecraft:minecart":3,"minecraft:egg":1,"minecraft:cooked_beef":17,"minecraft:potato":22,"minecraft:cobbled_deepslate":2,"minecraft:wheat_seeds":6,"minecraft:water_bucket":63,"minecraft:cobblestone_stairs":43,"minecraft:stone_pickaxe":130,"minecraft:oak_planks":5,"minecraft:spruce_sign":9,"minecraft:wooden_pickaxe":12,"minecraft:composter":1,"minecraft:sugar_cane":37,"minecraft:fletching_table":2,"minecraft:cobblestone_slab":40,"minecraft:sand":1,"minecraft:rail":87,"minecraft:oak_slab":8,"minecraft:crafting_table":5,"minecraft:blast_furnace":1,"minecraft:dripstone_block":1,"minecraft:white_bed":7,"minecraft:shears":1,"minecraft:smoker":4,"minecraft:lever":1,"minecraft:bread":36,"minecraft:string":13,"minecraft:iron_pickaxe":419,"minecraft:spruce_trapdoor":2,"minecraft:spruce_sapling":4,"minecraft:oak_pressure_plate":1,"minecraft:gravel":21,"minecraft:stone_axe":192,"minecraft:cobblestone":82,"minecraft:cooked_porkchop":7,"minecraft:bucket":64,"minecraft:yellow_bed":13,"minecraft:golden_pickaxe":32},"minecraft:killed":{"minecraft:spider":4,"minecraft:skeleton":5,"minecraft:pig":12,"minecraft:iron_golem":2,"minecraft:sheep":5,"minecraft:pillager":4,"minecraft:zombie":28,"minecraft:cow":16},"minecraft:broken":{"minecraft:iron_shovel":1,"minecraft:stone_pickaxe":1,"minecraft:iron_axe":2,"minecraft:stone_axe":2,"minecraft:iron_pickaxe":1,"minecraft:golden_pickaxe":1,"minecraft:stone_shovel":6},"minecraft:mined":{"minecraft:spruce_planks":29,"minecraft:white_bed":6,"minecraft:farmland":1,"minecraft:mossy_cobblestone":1,"minecraft:dark_oak_leaves":3,"minecraft:cobblestone_stairs":3,"minecraft:dark_oak_log":41,"minecraft:granite":5,"minecraft:grass_block":341,"minecraft:cartography_table":1,"minecraft:hay_block":35,"minecraft:oak_trapdoor":2,"minecraft:carrots":17,"minecraft:furnace":1,"minecraft:iron_ore":54,"minecraft:cobbled_deepslate":7,"minecraft:fletching_table":1,"minecraft:bell":3,"minecraft:pointed_dripstone":1,"minecraft:potatoes":10,"minecraft:deepslate_iron_ore":5,"minecraft:cobblestone_slab":1,"minecraft:dirt_path":47,"minecraft:rail":100,"minecraft:oak_stairs":3,"minecraft:stripped_oak_log":16,"minecraft:stone":249,"minecraft:spruce_slab":11,"minecraft:orange_bed":2,"minecraft:tripwire":8,"minecraft:oak_slab":3,"minecraft:glass_pane":3,"minecraft:smoker":4,"minecraft:dandelion":2,"minecraft:oak_fence":76,"minecraft:crafting_table":2,"minecraft:torch":5,"minecraft:short_grass":70,"minecraft:blast_furnace":2,"minecraft:chest":1,"minecraft:glass":3,"minecraft:cobblestone":19,"minecraft:lapis_ore":1,"minecraft:sugar_cane":16,"minecraft:oak_planks":94,"minecraft:wall_torch":1,"minecraft:spruce_stairs":9,"minecraft:white_terracotta":31,"minecraft:wheat":37,"minecraft:spruce_log":101,"minecraft:yellow_bed":15,"minecraft:coal_ore":85,"minecraft:oak_log":39,"minecraft:beetroots":1,"minecraft:gravel":31,"minecraft:sand":271,"minecraft:dirt":790,"minecraft:tripwire_hook":2,"minecraft:red_mushroom_block":5,"minecraft:netherrack":1,"minecraft:gold_ore":6,"minecraft:oak_leaves":44},"minecraft:dropped":{"minecraft:iron_ingot":6,"minecraft:ominous_bottle":1,"minecraft:cooked_beef":7,"minecraft:porkchop":28,"minecraft:wheat_seeds":87,"minecraft:dark_oak_sapling":1,"minecraft:cooked_porkchop":1,"minecraft:oak_fence":102,"minecraft:cobblestone":9,"minecraft:granite":2,"minecraft:coal":61,"minecraft:stick":1,"minecraft:flint":4,"minecraft:dirt":221,"minecraft:ink_sac":3,"minecraft:mutton":4,"minecraft:wooden_axe":1,"minecraft:iron_pickaxe":1,"minecraft:string":11,"minecraft:dark_oak_planks":11,"minecraft:dark_oak_boat":1,"minecraft:bone":7,"minecraft:dandelion":4,"minecraft:gravel":6,"minecraft:stone_sword":2,"minecraft:wheat":4,"minecraft:pointed_dripstone":6,"minecraft:raw_iron":12,"minecraft:chicken":2,"minecraft:rotten_flesh":21,"minecraft:oak_planks":16,"minecraft:shield":1,"minecraft:gunpowder":4,"minecraft:spruce_planks":70,"minecraft:andesite":30,"minecraft:spider_eye":2,"minecraft:spruce_log":64,"minecraft:glass":1,"minecraft:wooden_pickaxe":1,"minecraft:bow":15,"minecraft:beef":19,"minecraft:arrow":4}},"DataVersion":3953}