{"stats":{"minecraft:dropped":{"minecraft:iron_sword":1,"minecraft:porkchop":32,"minecraft:ominous_bottle":1,"minecraft:cooked_beef":7,"minecraft:dark_oak_sapling":1,"minecraft:cooked_porkchop":1,"minecraft:lantern":2,"minecraft:leather":2,"minecraft:rail":1,"minecraft:emerald":36,"minecraft:flint":5,"minecraft:dirt":228,"minecraft:mutton":9,"minecraft:crimson_roots":1,"minecraft:bone_meal":16,"minecraft:phantom_membrane":3,"minecraft:sand":1,"minecraft:iron_pickaxe":1,"minecraft:dark_oak_planks":11,"minecraft:dark_oak_boat":1,"minecraft:white_wool":12,"minecraft:bone":17,"minecraft:gravel":12,"minecraft:stone_axe":20,"minecraft:compass":5,"minecraft:sugar_cane":1,"minecraft:wheat":6,"minecraft:pointed_dripstone":24,"minecraft:grindstone":1,"minecraft:rotten_flesh":80,"minecraft:oak_planks":16,"minecraft:poppy":2,"minecraft:gunpowder":8,"minecraft:beetroot_seeds":4,"minecraft:leather_leggings":3,"minecraft:spruce_slab":1,"minecraft:glass":21,"minecraft:arrow":15,"minecraft:beef":20,"minecraft:quartz":266,"minecraft:netherrack":165,"minecraft:lectern":1,"minecraft:iron_ingot":14,"minecraft:wheat_seeds":141,"minecraft:clock":2,"minecraft:smithing_table":1,"minecraft:dripstone_block":52,"minecraft:oak_fence":104,"minecraft:cobblestone":22,"minecraft:iron_helmet":1,"minecraft:granite":37,"minecraft:coal":61,"minecraft:stick":2,"minecraft:gray_wool":1,"minecraft:brewing_stand":3,"minecraft:ink_sac":3,"minecraft:torch":1,"minecraft:wooden_axe":1,"minecraft:brown_wool":1,"minecraft:iron_leggings":1,"minecraft:iron_axe":33,"minecraft:paper":8,"minecraft:string":324,"minecraft:dandelion":5,"minecraft:redstone":10,"minecraft:stone_sword":2,"minecraft:raw_iron":36,"minecraft:chicken":2,"minecraft:light_gray_wool":2,"minecraft:iron_boots":19,"minecraft:stone_slab":2,"minecraft:name_tag":1,"minecraft:blast_furnace":1,"minecraft:diamond_sword":1,"minecraft:cobblestone_slab":10,"minecraft:hay_block":18,"minecraft:shield":3,"minecraft:spruce_planks":86,"minecraft:diamond_pickaxe":2,"minecraft:andesite":30,"minecraft:iron_chestplate":2,"minecraft:golden_sword":1,"minecraft:spider_eye":4,"minecraft:spruce_log":155,"minecraft:bow":31,"minecraft:wooden_pickaxe":1,"minecraft:magma_cream":1},"minecraft:crafted":{"minecraft:grindstone":1,"minecraft:oak_planks":348,"minecraft:cobblestone_slab":210,"minecraft:cobblestone_stairs":40,"minecraft:stone":3,"minecraft:lever":2,"minecraft:diamond_shovel":1,"minecraft:bookshelf":27,"minecraft:glass":440,"minecraft:hopper":13,"minecraft:bow":16,"minecraft:diamond_leggings":1,"minecraft:iron_boots":2,"minecraft:chest":24,"minecraft:rail":144,"minecraft:stone_hoe":1,"minecraft:name_tag":1,"minecraft:furnace_minecart":2,"minecraft:oak_slab":6,"minecraft:emerald":887,"minecraft:cooked_porkchop":16,"minecraft:crafting_table":4,"minecraft:spruce_planks":728,"minecraft:wooden_pickaxe":1,"minecraft:iron_helmet":2,"minecraft:raw_gold_block":2,"minecraft:smithing_table":2,"minecraft:fletching_table":1,"minecraft:hay_block":18,"minecraft:cartography_table":1,"minecraft:spruce_trapdoor":2,"minecraft:lectern":5,"minecraft:book":22,"minecraft:iron_chestplate":2,"minecraft:paper":144,"minecraft:diamond_pickaxe":1,"minecraft:emerald_block":12,"minecraft:shield":3,"minecraft:stick":1168,"minecraft:stone_slab":6,"minecraft:iron_ingot":1475,"minecraft:compass":5,"minecraft:iron_pickaxe":4,"minecraft:iron_block":154,"minecraft:composter":1,"minecraft:cherry_planks":92,"minecraft:stone_shovel":12,"minecraft:furnace":3,"minecraft:yellow_bed":1,"minecraft:bone_meal":129,"minecraft:flint_and_steel":1,"minecraft:diamond_block":3,"minecraft:oak_trapdoor":4,"minecraft:lantern":17,"minecraft:spruce_stairs":60,"minecraft:iron_axe":25,"minecraft:spruce_slab":246,"minecraft:stone_pickaxe":1,"minecraft:diamond_boots":1,"minecraft:spruce_boat":1,"minecraft:redstone_block":14,"minecraft:dark_oak_planks":164,"minecraft:minecart":4,"minecraft:wheat":639,"minecraft:cooked_beef":56,"minecraft:diamond_sword":2,"minecraft:spruce_sign":9,"minecraft:iron_sword":2,"minecraft:bucket":2,"minecraft:stone_axe":21,"minecraft:enchanted_book":11,"minecraft:air":0,"minecraft:bread":147,"minecraft:oak_boat":1,"minecraft:white_wool":16,"minecraft:wooden_axe":1,"minecraft:oak_stairs":4,"minecraft:iron_shovel":1,"minecraft:iron_leggings":2,"minecraft:anvil":2,"minecraft:white_bed":5,"minecraft:torch":8,"minecraft:lapis_lazuli":18,"minecraft:lapis_block":12},"minecraft:mined":{"minecraft:spruce_planks":97,"minecraft:white_bed":7,"minecraft:farmland":1,"minecraft:cobblestone_stairs":9,"minecraft:brewing_stand":3,"minecraft:obsidian":14,"minecraft:spruce_trapdoor":5,"minecraft:granite":34,"minecraft:grass_block":823,"minecraft:iron_ore":80,"minecraft:fire":1,"minecraft:cobbled_deepslate":7,"minecraft:fletching_table":1,"minecraft:deepslate_lapis_ore":6,"minecraft:enchanting_table":1,"minecraft:pointed_dripstone":1,"minecraft:dirt_path":182,"minecraft:oak_stairs":6,"minecraft:spruce_slab":24,"minecraft:tripwire":9,"minecraft:orange_bed":4,"minecraft:deepslate_redstone_ore":27,"minecraft:crimson_nylium":1,"minecraft:smoker":5,"minecraft:soul_fire":20,"minecraft:torch":7,"minecraft:blast_furnace":5,"minecraft:poppy":1,"minecraft:chest":3,"minecraft:spruce_wall_sign":7,"minecraft:nether_quartz_ore":189,"minecraft:glass":59,"minecraft:cobblestone":157,"minecraft:sugar_cane":127,"minecraft:oak_planks":98,"minecraft:grindstone":3,"minecraft:wall_torch":1,"minecraft:white_terracotta":31,"minecraft:wheat":37,"minecraft:stripped_oak_wood":1,"minecraft:oak_log":64,"minecraft:beetroots":1,"minecraft:sand":273,"minecraft:dirt":1697,"minecraft:tripwire_hook":2,"minecraft:red_mushroom_block":5,"minecraft:stonecutter":2,"minecraft:netherrack":206,"minecraft:oak_leaves":49,"minecraft:deepslate":23,"minecraft:tuff":9,"minecraft:mossy_cobblestone":1,"minecraft:dark_oak_leaves":3,"minecraft:deepslate_diamond_ore":1,"minecraft:dark_oak_log":41,"minecraft:cobbled_deepslate_slab":2,"minecraft:crimson_roots":1,"minecraft:redstone_wire":1,"minecraft:spruce_leaves":33,"minecraft:cartography_table":1,"minecraft:hay_block":81,"minecraft:redstone_ore":3,"minecraft:oak_trapdoor":2,"minecraft:furnace":1,"minecraft:spruce_sapling":24,"minecraft:carrots":17,"minecraft:andesite":9,"minecraft:bell":5,"minecraft:bookshelf":6,"minecraft:potatoes":10,"minecraft:deepslate_iron_ore":5,"minecraft:cobblestone_slab":27,"minecraft:rail":257,"minecraft:lantern":1,"minecraft:stripped_oak_log":16,"minecraft:stone":495,"minecraft:bone_block":24,"minecraft:smithing_table":2,"minecraft:podzol":5,"minecraft:oak_slab":17,"minecraft:glass_pane":5,"minecraft:dandelion":2,"minecraft:oak_fence":79,"minecraft:crafting_table":9,"minecraft:short_grass":107,"minecraft:lectern":12,"minecraft:stone_slab":4,"minecraft:lapis_ore":2,"minecraft:deepslate_gold_ore":14,"minecraft:spruce_stairs":9,"minecraft:spruce_log":477,"minecraft:yellow_bed":21,"minecraft:coal_ore":152,"minecraft:gravel":37,"minecraft:dripstone_block":3,"minecraft:gold_ore":10},"minecraft:picked_up":{"minecraft:wooden_axe":3,"minecraft:iron_chestplate":2,"minecraft:wheat":20,"minecraft:lead":4,"minecraft:smithing_table":2,"minecraft:stone_slab":5,"minecraft:diamond_sword":4,"minecraft:oak_stairs":56,"minecraft:enchanted_book":2,"minecraft:brewing_stand":3,"minecraft:golden_sword":1,"minecraft:string":1980,"minecraft:soul_soil":11,"minecraft:raw_copper":23,"minecraft:iron_leggings":2,"minecraft:deepslate_tiles":45,"minecraft:gold_nugget":40,"minecraft:cobbled_deepslate":64,"minecraft:spruce_planks":400,"minecraft:cobblestone_slab":144,"minecraft:iron_pickaxe":6,"minecraft:iron_boots":11,"minecraft:furnace":2,"minecraft:golden_helmet":4,"minecraft:stick":71,"minecraft:oak_fence":162,"minecraft:torch":22,"minecraft:spruce_stairs":9,"minecraft:porkchop":48,"minecraft:cherry_log":23,"minecraft:pointed_dripstone":34,"minecraft:orange_bed":4,"minecraft:stone_sword":5,"minecraft:rotten_flesh":136,"minecraft:white_terracotta":31,"minecraft:obsidian":12,"minecraft:cobblestone":1277,"minecraft:enchanting_table":1,"minecraft:furnace_minecart":9,"minecraft:cooked_beef":58,"minecraft:magma_cream":1,"minecraft:repeater":1,"minecraft:water_bucket":7,"minecraft:andesite":54,"minecraft:brown_wool":1,"minecraft:dark_oak_boat":27,"minecraft:smoker":7,"minecraft:potato":22,"minecraft:flint":8,"minecraft:tuff":43,"minecraft:lapis_lazuli":112,"minecraft:dirt":3646,"minecraft:lantern":1,"minecraft:name_tag":3,"minecraft:glass":102,"minecraft:bone":21,"minecraft:stonecutter":4,"minecraft:bow":15,"minecraft:wheat_seeds":144,"minecraft:raw_gold":24,"minecraft:cobbled_deepslate_slab":3,"minecraft:bell":5,"minecraft:grindstone":3,"minecraft:fletching_table":1,"minecraft:diamond_helmet":1,"minecraft:stone_hoe":2,"minecraft:oak_planks":194,"minecraft:cooked_porkchop":14,"minecraft:oak_pressure_plate":2,"minecraft:sand":270,"minecraft:ink_sac":3,"minecraft:dark_oak_log":41,"minecraft:mossy_cobblestone":5,"minecraft:diamond":13,"minecraft:spruce_boat":10,"minecraft:crossbow":1,"minecraft:granite":61,"minecraft:spruce_sign":7,"minecraft:bread":156,"minecraft:emerald":70,"minecraft:oak_sapling":4,"minecraft:netherrack":183,"minecraft:crimson_roots":1,"minecraft:diamond_pickaxe":6,"minecraft:crafting_table":13,"minecraft:ominous_bottle":2,"minecraft:chicken":2,"minecraft:leather_leggings":2,"minecraft:wooden_pickaxe":3,"minecraft:shield":8,"minecraft:oak_trapdoor":2,"minecraft:iron_axe":16,"minecraft:flint_and_steel":1,"minecraft:iron_shovel":1,"minecraft:cartography_table":2,"minecraft:beef":89,"minecraft:oak_boat":3,"minecraft:minecart":25,"minecraft:poppy":5,"minecraft:spruce_slab":81,"minecraft:light_gray_wool":2,"minecraft:lectern":12,"minecraft:sugar_cane":224,"minecraft:chest":3,"minecraft:spruce_trapdoor":3,"minecraft:phantom_membrane":3,"minecraft:raw_copper_block":2,"minecraft:egg":18,"minecraft:dark_oak_sapling":1,"minecraft:raw_iron":171,"minecraft:oak_door":2,"minecraft:carrot":29,"minecraft:redstone":146,"minecraft:dark_oak_planks":22,"minecraft:stone_shovel":6,"minecraft:arrow":42,"minecraft:diamond_chestplate":1,"minecraft:beetroot_seeds":5,"minecraft:shears":6,"minecraft:deepslate_bricks":23,"minecraft:hay_block":117,"minecraft:mutton":35,"minecraft:bone_block":24,"minecraft:rail":368,"minecraft:white_wool":20,"minecraft:stripped_oak_log":16,"minecraft:clock":2,"minecraft:tripwire_hook":4,"minecraft:salmon":6,"minecraft:leather":42,"minecraft:oak_log":71,"minecraft:yellow_bed":21,"minecraft:gunpowder":8,"minecraft:cobblestone_stairs":21,"minecraft:paper":16,"minecraft:white_banner":1,"minecraft:iron_ingot":125,"minecraft:stone_pickaxe":3,"minecraft:cooked_chicken":1,"minecraft:stripped_oak_wood":1,"minecraft:iron_sword":1,"minecraft:soul_sand":1,"minecraft:book":18,"minecraft:oak_slab":23,"minecraft:quartz":394,"minecraft:dandelion":5,"minecraft:dripstone_block":100,"minecraft:gravel":33,"minecraft:spruce_sapling":86,"minecraft:blast_furnace":5,"minecraft:white_bed":10,"minecraft:spruce_log":727,"minecraft:spider_eye":8,"minecraft:stone_axe":3,"minecraft:iron_helmet":2,"minecraft:diamond_axe":2,"minecraft:gray_wool":1,"minecraft:black_wool":3,"minecraft:melon_seeds":4,"minecraft:coal":229},"minecraft:killed":{"minecraft:witch":1,"minecraft:spider":13,"minecraft:skeleton":16,"minecraft:chicken":2,"minecraft:magma_cube":4,"minecraft:piglin":9,"minecraft:pig":20,"minecraft:salmon":8,"minecraft:iron_golem":4,"minecraft:creeper":4,"minecraft:sheep":24,"minecraft:pillager":4,"minecraft:zombie":90,"minecraft:blaze":1,"minecraft:cow":37,"minecraft:phantom":11,"minecraft:hoglin":1,"minecraft:villager":1},"minecraft:custom":{"minecraft:animals_bred":53,"minecraft:interact_with_crafting_table":181,"minecraft:bell_ring":60,"minecraft:leave_game":4,"minecraft:time_since_death":276471,"minecraft:sprint_one_cm":2176930,"minecraft:damage_blocked_by_shield":6278,"minecraft:drop":347,"minecraft:talked_to_villager":369,"minecraft:play_time":999133,"minecraft:deaths":8,"minecraft:jump":11388,"minecraft:walk_on_water_one_cm":194346,"minecraft:enchant_item":4,"minecraft:interact_with_furnace":143,"minecraft:traded_with_villager":940,"minecraft:sleep_in_bed":16,"minecraft:damage_dealt":41750,"minecraft:crouch_one_cm":492243,"minecraft:interact_with_smoker":4,"minecraft:inspect_dispenser":8,"minecraft:horse_one_cm":1082,"minecraft:interact_with_anvil":12,"minecraft:mob_kills":258,"minecraft:inspect_hopper":37,"minecraft:climb_one_cm":17907,"minecraft:walk_one_cm":1963502,"minecraft:sneak_time":137385,"minecraft:walk_under_water_one_cm":104480,"minecraft:boat_one_cm":39593,"minecraft:interact_with_blast_furnace":18,"minecraft:total_world_time":999133,"minecraft:interact_with_grindstone":1,"minecraft:time_since_rest":41411,"minecraft:damage_taken":10274,"minecraft:swim_one_cm":143799,"minecraft:fly_one_cm":2177344,"minecraft:open_chest":498,"minecraft:fall_one_cm":226331},"minecraft:used":{"minecraft:iron_shovel":254,"minecraft:spruce_slab":208,"minecraft:poppy":2,"minecraft:chest":14,"minecraft:shield":99,"minecraft:iron_sword":171,"minecraft:bell":6,"minecraft:carrot":29,"minecraft:furnace_minecart":6,"minecraft:tuff":9,"minecraft:obsidian":14,"minecraft:spruce_boat":8,"minecraft:glass":418,"minecraft:lava_bucket":5,"minecraft:lantern":16,"minecraft:repeater":1,"minecraft:bow":20,"minecraft:dark_oak_boat":22,"minecraft:furnace":2,"minecraft:oak_sapling":4,"minecraft:beetroot_seeds":1,"minecraft:egg":18,"minecraft:potato":22,"minecraft:diamond_boots":1,"minecraft:stone_pickaxe":130,"minecraft:oak_planks":15,"minecraft:wooden_pickaxe":12,"minecraft:composter":1,"minecraft:sugar_cane":75,"minecraft:sand":1,"minecraft:blast_furnace":3,"minecraft:dripstone_block":3,"minecraft:shears":1,"minecraft:lever":2,"minecraft:string":14,"minecraft:bread":161,"minecraft:lectern":16,"minecraft:oak_pressure_plate":2,"minecraft:gravel":21,"minecraft:diamond_sword":187,"minecraft:grindstone":3,"minecraft:smithing_table":3,"minecraft:andesite":9,"minecraft:oak_boat":3,"minecraft:bone_meal":113,"minecraft:golden_pickaxe":32,"minecraft:oak_fence":55,"minecraft:oak_trapdoor":6,"minecraft:enchanting_table":1,"minecraft:stone_sword":41,"minecraft:flint_and_steel":2,"minecraft:stone_shovel":1495,"minecraft:redstone":3,"minecraft:spruce_planks":187,"minecraft:stone_hoe":88,"minecraft:cooked_chicken":1,"minecraft:oak_door":1,"minecraft:orange_bed":4,"minecraft:torch":29,"minecraft:dirt":2514,"minecraft:anvil":2,"minecraft:hopper":13,"minecraft:spruce_stairs":69,"minecraft:diamond_helmet":1,"minecraft:granite":10,"minecraft:wooden_axe":39,"minecraft:bookshelf":22,"minecraft:iron_axe":924,"minecraft:oak_stairs":10,"minecraft:tripwire_hook":4,"minecraft:soul_soil":11,"minecraft:minecart":25,"minecraft:cooked_beef":30,"minecraft:cobbled_deepslate":25,"minecraft:wheat_seeds":7,"minecraft:water_bucket":209,"minecraft:cobblestone_stairs":43,"minecraft:spruce_sign":19,"minecraft:stonecutter":1,"minecraft:fletching_table":2,"minecraft:cobblestone_slab":185,"minecraft:rail":343,"minecraft:crafting_table":13,"minecraft:oak_slab":40,"minecraft:white_bed":12,"minecraft:smoker":4,"minecraft:spruce_log":5,"minecraft:diamond_pickaxe":758,"minecraft:diamond_shovel":294,"minecraft:iron_pickaxe":929,"minecraft:stone_slab":8,"minecraft:spruce_trapdoor":2,"minecraft:spruce_sapling":83,"minecraft:stone_axe":193,"minecraft:cobblestone":351,"minecraft:cobbled_deepslate_slab":6,"minecraft:cooked_porkchop":7,"minecraft:bucket":215,"minecraft:yellow_bed":18},"minecraft:broken":{"minecraft:golden_helmet":1,"minecraft:iron_shovel":1,"minecraft:stone_pickaxe":1,"minecraft:stone_axe":2,"minecraft:stone_shovel":11,"minecraft:stone_sword":1,"minecraft:iron_axe":3,"minecraft:iron_pickaxe":4,"minecraft:golden_pickaxe":1},"minecraft:killed_by":{"minecraft:creeper":1,"minecraft:zombie":2,"minecraft:iron_golem":1,"minecraft:skeleton":2}},"DataVersion":3953}