{"stats":{"minecraft:killed":{"minecraft:spider":12,"minecraft:skeleton":10,"minecraft:chicken":2,"minecraft:magma_cube":4,"minecraft:pig":12,"minecraft:iron_golem":2,"minecraft:creeper":2,"minecraft:sheep":8,"minecraft:pillager":4,"minecraft:zombie":68,"minecraft:cow":25,"minecraft:phantom":7,"minecraft:villager":1},"minecraft:used":{"minecraft:iron_shovel":254,"minecraft:spruce_slab":208,"minecraft:poppy":2,"minecraft:chest":14,"minecraft:shield":71,"minecraft:iron_sword":171,"minecraft:bell":6,"minecraft:carrot":29,"minecraft:furnace_minecart":5,"minecraft:tuff":9,"minecraft:obsidian":12,"minecraft:spruce_boat":8,"minecraft:glass":396,"minecraft:lava_bucket":3,"minecraft:lantern":11,"minecraft:bow":1,"minecraft:dark_oak_boat":22,"minecraft:furnace":2,"minecraft:oak_sapling":4,"minecraft:beetroot_seeds":1,"minecraft:egg":1,"minecraft:potato":22,"minecraft:stone_pickaxe":130,"minecraft:oak_planks":10,"minecraft:wooden_pickaxe":12,"minecraft:composter":1,"minecraft:sugar_cane":75,"minecraft:sand":1,"minecraft:blast_furnace":3,"minecraft:dripstone_block":3,"minecraft:shears":1,"minecraft:lever":1,"minecraft:bread":116,"minecraft:string":13,"minecraft:lectern":16,"minecraft:oak_pressure_plate":2,"minecraft:gravel":21,"minecraft:grindstone":3,"minecraft:smithing_table":3,"minecraft:andesite":8,"minecraft:oak_boat":3,"minecraft:bone_meal":21,"minecraft:golden_pickaxe":32,"minecraft:oak_trapdoor":6,"minecraft:oak_fence":55,"minecraft:enchanting_table":1,"minecraft:stone_sword":41,"minecraft:flint_and_steel":2,"minecraft:stone_shovel":1364,"minecraft:redstone":1,"minecraft:spruce_planks":184,"minecraft:stone_hoe":88,"minecraft:cooked_chicken":1,"minecraft:oak_door":1,"minecraft:orange_bed":3,"minecraft:torch":19,"minecraft:dirt":1971,"minecraft:anvil":1,"minecraft:hopper":13,"minecraft:spruce_stairs":53,"minecraft:granite":7,"minecraft:wooden_axe":39,"minecraft:bookshelf":10,"minecraft:iron_axe":515,"minecraft:oak_stairs":2,"minecraft:tripwire_hook":4,"minecraft:soul_soil":11,"minecraft:minecart":25,"minecraft:cooked_beef":27,"minecraft:cobbled_deepslate":25,"minecraft:wheat_seeds":7,"minecraft:water_bucket":176,"minecraft:cobblestone_stairs":43,"minecraft:spruce_sign":19,"minecraft:stonecutter":1,"minecraft:fletching_table":2,"minecraft:cobblestone_slab":177,"minecraft:rail":342,"minecraft:oak_slab":40,"minecraft:crafting_table":13,"minecraft:white_bed":10,"minecraft:spruce_log":2,"minecraft:smoker":4,"minecraft:diamond_pickaxe":98,"minecraft:iron_pickaxe":929,"minecraft:stone_slab":8,"minecraft:spruce_trapdoor":2,"minecraft:spruce_sapling":4,"minecraft:stone_axe":193,"minecraft:cobblestone":279,"minecraft:cobbled_deepslate_slab":6,"minecraft:cooked_porkchop":7,"minecraft:bucket":181,"minecraft:yellow_bed":16},"minecraft:crafted":{"minecraft:grindstone":1,"minecraft:oak_planks":348,"minecraft:cobblestone_slab":210,"minecraft:cobblestone_stairs":40,"minecraft:stone":3,"minecraft:lever":1,"minecraft:bookshelf":15,"minecraft:hopper":13,"minecraft:glass":420,"minecraft:bow":16,"minecraft:iron_boots":2,"minecraft:chest":24,"minecraft:rail":144,"minecraft:stone_hoe":1,"minecraft:name_tag":1,"minecraft:furnace_minecart":2,"minecraft:oak_slab":6,"minecraft:emerald":511,"minecraft:crafting_table":4,"minecraft:spruce_planks":728,"minecraft:iron_helmet":2,"minecraft:wooden_pickaxe":1,"minecraft:raw_gold_block":2,"minecraft:smithing_table":2,"minecraft:fletching_table":1,"minecraft:hay_block":18,"minecraft:cartography_table":1,"minecraft:spruce_trapdoor":2,"minecraft:lectern":5,"minecraft:diamond_pickaxe":1,"minecraft:book":22,"minecraft:iron_chestplate":2,"minecraft:paper":144,"minecraft:emerald_block":12,"minecraft:shield":2,"minecraft:stick":1168,"minecraft:stone_slab":6,"minecraft:iron_ingot":1169,"minecraft:compass":5,"minecraft:iron_pickaxe":4,"minecraft:iron_block":125,"minecraft:composter":1,"minecraft:cherry_planks":92,"minecraft:stone_shovel":11,"minecraft:furnace":3,"minecraft:yellow_bed":1,"minecraft:bone_meal":21,"minecraft:flint_and_steel":1,"minecraft:diamond_block":3,"minecraft:oak_trapdoor":4,"minecraft:lantern":12,"minecraft:spruce_stairs":44,"minecraft:iron_axe":24,"minecraft:spruce_slab":246,"minecraft:stone_pickaxe":1,"minecraft:spruce_boat":1,"minecraft:redstone_block":14,"minecraft:dark_oak_planks":164,"minecraft:minecart":4,"minecraft:wheat":639,"minecraft:cooked_beef":18,"minecraft:spruce_sign":9,"minecraft:iron_sword":2,"minecraft:bucket":2,"minecraft:stone_axe":21,"minecraft:enchanted_book":6,"minecraft:bread":147,"minecraft:air":0,"minecraft:oak_boat":1,"minecraft:white_wool":16,"minecraft:wooden_axe":1,"minecraft:iron_shovel":1,"minecraft:iron_leggings":2,"minecraft:anvil":1,"minecraft:white_bed":4,"minecraft:torch":4,"minecraft:lapis_block":12},"minecraft:dropped":{"minecraft:porkchop":28,"minecraft:ominous_bottle":1,"minecraft:cooked_beef":7,"minecraft:dark_oak_sapling":1,"minecraft:cooked_porkchop":1,"minecraft:lantern":2,"minecraft:rail":1,"minecraft:emerald":36,"minecraft:flint":5,"minecraft:dirt":228,"minecraft:mutton":4,"minecraft:iron_pickaxe":1,"minecraft:dark_oak_planks":11,"minecraft:dark_oak_boat":1,"minecraft:white_wool":3,"minecraft:bone":15,"minecraft:gravel":12,"minecraft:stone_axe":20,"minecraft:compass":5,"minecraft:sugar_cane":1,"minecraft:wheat":6,"minecraft:pointed_dripstone":24,"minecraft:rotten_flesh":35,"minecraft:oak_planks":16,"minecraft:poppy":2,"minecraft:gunpowder":6,"minecraft:beetroot_seeds":4,"minecraft:glass":21,"minecraft:arrow":11,"minecraft:beef":19,"minecraft:quartz":14,"minecraft:iron_ingot":14,"minecraft:wheat_seeds":107,"minecraft:clock":2,"minecraft:dripstone_block":52,"minecraft:oak_fence":102,"minecraft:cobblestone":9,"minecraft:granite":26,"minecraft:coal":61,"minecraft:stick":2,"minecraft:ink_sac":3,"minecraft:wooden_axe":1,"minecraft:iron_axe":33,"minecraft:string":30,"minecraft:dandelion":5,"minecraft:redstone":6,"minecraft:stone_sword":2,"minecraft:raw_iron":36,"minecraft:chicken":2,"minecraft:stone_slab":2,"minecraft:name_tag":1,"minecraft:cobblestone_slab":8,"minecraft:hay_block":18,"minecraft:shield":3,"minecraft:spruce_planks":73,"minecraft:diamond_pickaxe":2,"minecraft:andesite":30,"minecraft:spider_eye":4,"minecraft:spruce_log":64,"minecraft:bow":15,"minecraft:wooden_pickaxe":1},"minecraft:killed_by":{"minecraft:creeper":1,"minecraft:zombie":2,"minecraft:iron_golem":1,"minecraft:skeleton":2},"minecraft:broken":{"minecraft:golden_helmet":1,"minecraft:iron_shovel":1,"minecraft:stone_pickaxe":1,"minecraft:stone_axe":2,"minecraft:stone_shovel":10,"minecraft:stone_sword":1,"minecraft:iron_axe":2,"minecraft:iron_pickaxe":4,"minecraft:golden_pickaxe":1},"minecraft:mined":{"minecraft:spruce_planks":89,"minecraft:white_bed":6,"minecraft:farmland":1,"minecraft:cobblestone_stairs":9,"minecraft:obsidian":12,"minecraft:granite":17,"minecraft:grass_block":693,"minecraft:fire":1,"minecraft:iron_ore":80,"minecraft:cobbled_deepslate":7,"minecraft:fletching_table":1,"minecraft:deepslate_lapis_ore":6,"minecraft:enchanting_table":1,"minecraft:pointed_dripstone":1,"minecraft:dirt_path":164,"minecraft:oak_stairs":4,"minecraft:spruce_slab":20,"minecraft:tripwire":8,"minecraft:orange_bed":3,"minecraft:deepslate_redstone_ore":27,"minecraft:smoker":5,"minecraft:soul_fire":20,"minecraft:torch":7,"minecraft:blast_furnace":4,"minecraft:poppy":1,"minecraft:chest":3,"minecraft:spruce_wall_sign":7,"minecraft:nether_quartz_ore":14,"minecraft:glass":50,"minecraft:cobblestone":130,"minecraft:sugar_cane":127,"minecraft:grindstone":2,"minecraft:oak_planks":97,"minecraft:wall_torch":1,"minecraft:white_terracotta":31,"minecraft:wheat":37,"minecraft:oak_log":64,"minecraft:beetroots":1,"minecraft:sand":271,"minecraft:dirt":1301,"minecraft:tripwire_hook":2,"minecraft:red_mushroom_block":5,"minecraft:stonecutter":2,"minecraft:netherrack":2,"minecraft:oak_leaves":49,"minecraft:deepslate":23,"minecraft:tuff":9,"minecraft:mossy_cobblestone":1,"minecraft:dark_oak_leaves":3,"minecraft:deepslate_diamond_ore":1,"minecraft:dark_oak_log":41,"minecraft:cobbled_deepslate_slab":2,"minecraft:redstone_wire":1,"minecraft:spruce_leaves":1,"minecraft:cartography_table":1,"minecraft:hay_block":35,"minecraft:redstone_ore":3,"minecraft:oak_trapdoor":2,"minecraft:furnace":1,"minecraft:carrots":17,"minecraft:andesite":8,"minecraft:bell":5,"minecraft:potatoes":10,"minecraft:deepslate_iron_ore":5,"minecraft:cobblestone_slab":22,"minecraft:rail":193,"minecraft:lantern":1,"minecraft:stripped_oak_log":16,"minecraft:stone":363,"minecraft:smithing_table":1,"minecraft:oak_slab":17,"minecraft:glass_pane":5,"minecraft:dandelion":2,"minecraft:oak_fence":76,"minecraft:crafting_table":9,"minecraft:short_grass":91,"minecraft:lectern":11,"minecraft:stone_slab":4,"minecraft:lapis_ore":2,"minecraft:deepslate_gold_ore":14,"minecraft:spruce_stairs":9,"minecraft:spruce_log":109,"minecraft:yellow_bed":19,"minecraft:coal_ore":152,"minecraft:gravel":37,"minecraft:dripstone_block":3,"minecraft:gold_ore":10},"minecraft:picked_up":{"minecraft:wooden_axe":3,"minecraft:iron_chestplate":2,"minecraft:wheat":20,"minecraft:stone_slab":5,"minecraft:smithing_table":1,"minecraft:lead":4,"minecraft:diamond_sword":3,"minecraft:oak_stairs":54,"minecraft:enchanted_book":2,"minecraft:string":1835,"minecraft:soul_soil":11,"minecraft:raw_copper":23,"minecraft:iron_leggings":2,"minecraft:deepslate_tiles":45,"minecraft:gold_nugget":40,"minecraft:cobbled_deepslate":64,"minecraft:spruce_planks":385,"minecraft:cobblestone_slab":141,"minecraft:iron_pickaxe":6,"minecraft:iron_boots":2,"minecraft:furnace":2,"minecraft:golden_helmet":4,"minecraft:stick":42,"minecraft:oak_fence":158,"minecraft:torch":15,"minecraft:spruce_stairs":9,"minecraft:porkchop":28,"minecraft:cherry_log":23,"minecraft:pointed_dripstone":34,"minecraft:orange_bed":3,"minecraft:stone_sword":5,"minecraft:rotten_flesh":106,"minecraft:white_terracotta":31,"minecraft:obsidian":12,"minecraft:cobblestone":1129,"minecraft:enchanting_table":1,"minecraft:furnace_minecart":8,"minecraft:cooked_beef":58,"minecraft:water_bucket":7,"minecraft:andesite":53,"minecraft:dark_oak_boat":27,"minecraft:smoker":7,"minecraft:potato":22,"minecraft:flint":8,"minecraft:tuff":43,"minecraft:lapis_lazuli":112,"minecraft:dirt":3206,"minecraft:lantern":1,"minecraft:name_tag":3,"minecraft:glass":102,"minecraft:bone":19,"minecraft:stonecutter":4,"minecraft:bow":10,"minecraft:wheat_seeds":140,"minecraft:cobbled_deepslate_slab":3,"minecraft:raw_gold":24,"minecraft:bell":5,"minecraft:grindstone":2,"minecraft:fletching_table":1,"minecraft:stone_hoe":2,"minecraft:oak_planks":191,"minecraft:cooked_porkchop":14,"minecraft:oak_pressure_plate":2,"minecraft:sand":269,"minecraft:ink_sac":3,"minecraft:dark_oak_log":41,"minecraft:mossy_cobblestone":5,"minecraft:diamond":13,"minecraft:spruce_boat":10,"minecraft:crossbow":1,"minecraft:granite":33,"minecraft:bread":156,"minecraft:spruce_sign":7,"minecraft:emerald":70,"minecraft:oak_sapling":4,"minecraft:netherrack":5,"minecraft:diamond_pickaxe":6,"minecraft:crafting_table":12,"minecraft:ominous_bottle":2,"minecraft:chicken":2,"minecraft:wooden_pickaxe":3,"minecraft:shield":8,"minecraft:oak_trapdoor":2,"minecraft:iron_axe":16,"minecraft:flint_and_steel":1,"minecraft:cartography_table":2,"minecraft:beef":61,"minecraft:oak_boat":3,"minecraft:light_gray_wool":2,"minecraft:lectern":11,"minecraft:poppy":5,"minecraft:spruce_slab":79,"minecraft:minecart":24,"minecraft:sugar_cane":222,"minecraft:chest":3,"minecraft:raw_copper_block":2,"minecraft:egg":1,"minecraft:dark_oak_sapling":1,"minecraft:raw_iron":171,"minecraft:oak_door":2,"minecraft:carrot":29,"minecraft:redstone":141,"minecraft:dark_oak_planks":22,"minecraft:arrow":30,"minecraft:stone_shovel":6,"minecraft:beetroot_seeds":5,"minecraft:shears":6,"minecraft:deepslate_bricks":23,"minecraft:hay_block":71,"minecraft:mutton":13,"minecraft:rail":314,"minecraft:white_wool":8,"minecraft:stripped_oak_log":16,"minecraft:clock":2,"minecraft:tripwire_hook":4,"minecraft:leather":23,"minecraft:oak_log":71,"minecraft:yellow_bed":19,"minecraft:gunpowder":6,"minecraft:cobblestone_stairs":21,"minecraft:paper":16,"minecraft:white_banner":1,"minecraft:iron_ingot":125,"minecraft:stone_pickaxe":3,"minecraft:cooked_chicken":1,"minecraft:iron_sword":1,"minecraft:soul_sand":1,"minecraft:oak_slab":23,"minecraft:quartz":14,"minecraft:dandelion":5,"minecraft:dripstone_block":100,"minecraft:gravel":33,"minecraft:spruce_sapling":10,"minecraft:blast_furnace":4,"minecraft:white_bed":9,"minecraft:spruce_log":334,"minecraft:spider_eye":8,"minecraft:stone_axe":3,"minecraft:iron_helmet":2,"minecraft:diamond_axe":2,"minecraft:gray_wool":1,"minecraft:melon_seeds":4,"minecraft:coal":229},"minecraft:custom":{"minecraft:animals_bred":26,"minecraft:interact_with_crafting_table":159,"minecraft:bell_ring":60,"minecraft:leave_game":3,"minecraft:time_since_death":64255,"minecraft:sprint_one_cm":1601466,"minecraft:damage_blocked_by_shield":3914,"minecraft:drop":232,"minecraft:talked_to_villager":235,"minecraft:play_time":786917,"minecraft:deaths":8,"minecraft:jump":8496,"minecraft:enchant_item":1,"minecraft:walk_on_water_one_cm":163365,"minecraft:interact_with_furnace":127,"minecraft:traded_with_villager":534,"minecraft:sleep_in_bed":14,"minecraft:damage_dealt":28300,"minecraft:crouch_one_cm":396237,"minecraft:interact_with_smoker":4,"minecraft:inspect_dispenser":1,"minecraft:horse_one_cm":1082,"minecraft:interact_with_anvil":5,"minecraft:mob_kills":164,"minecraft:inspect_hopper":9,"minecraft:climb_one_cm":14923,"minecraft:walk_one_cm":1536456,"minecraft:sneak_time":109397,"minecraft:walk_under_water_one_cm":79194,"minecraft:boat_one_cm":39593,"minecraft:interact_with_blast_furnace":18,"minecraft:total_world_time":786917,"minecraft:time_since_rest":64280,"minecraft:damage_taken":8803,"minecraft:swim_one_cm":99329,"minecraft:fly_one_cm":1597483,"minecraft:open_chest":337,"minecraft:fall_one_cm":163992}},"DataVersion":3953}